time,x,y,yaw,v,a,phi
0.000000000000000000e+00,-1.410555216100765952e+00,3.643648035439007948e+00,-3.162947483699448115e-01,0.000000000000000000e+00,6.655025482439760331e-01,0.000000000000000000e+00
5.000000000000000278e-02,-1.410555216100765952e+00,3.643648035439007948e+00,-3.162947483699448115e-01,3.327512741219880443e-02,6.431666059176885941e-01,1.109970732703492984e-03
1.000000000000000056e-01,-1.408973991283795746e+00,3.643130528589833439e+00,-3.162926964570157984e-01,6.543345770808323136e-02,5.823258597325176034e-01,3.212195420759500313e-03
1.500000000000000222e-01,-1.405864609450671265e+00,3.642112890105437373e+00,-3.162810194694531396e-01,9.454975069470911153e-02,5.296606131490957381e-01,4.496205267959879626e-03
2.000000000000000111e-01,-1.401371611358498637e+00,3.640642479776715401e+00,-3.162574018054603586e-01,1.210327813521639012e-01,4.814147365893259312e-01,5.846110633423317118e-03
2.500000000000000000e-01,-1.395620096893962714e+00,3.638760348864999550e+00,-3.162180918559573950e-01,1.451035181816301978e-01,4.500050064349249701e-01,1.434245284254866614e-03
2.999999999999999889e-01,-1.388724645022119786e+00,3.636504174901225017e+00,-3.162065299571028554e-01,1.676037685033764379e-01,4.108013900881334335e-01,5.316525433766185194e-04
3.499999999999999778e-01,-1.380759930549898984e+00,3.633898242934091360e+00,-3.162015795694250730e-01,1.881438380077831152e-01,3.745772451308561068e-01,2.824723083907738300e-04
3.999999999999999667e-01,-1.371819115018552360e+00,3.630972994724933844e+00,-3.161986270457781134e-01,2.068727002643259150e-01,3.408925687259728998e-01,-5.780201903125519033e-04
4.499999999999999556e-01,-1.361988272521431620e+00,3.627756580404072562e+00,-3.162052701908277808e-01,2.239173287006245572e-01,3.055652061734313585e-01,-2.357127270404748599e-03
4.999999999999999445e-01,-1.351347471664164690e+00,3.624275089007121142e+00,-3.162345925585664519e-01,2.391955890092961334e-01,2.834393994120243399e-01,-1.510488266944120389e-03
5.499999999999999334e-01,-1.339980739916149632e+00,3.620555716227682908e+00,-3.162546649144266087e-01,2.533675589798973782e-01,2.533396785297855613e-01,-3.311389780458405020e-03
5.999999999999999778e-01,-1.327940625914181716e+00,3.616615734669579307e+00,-3.163012761262123940e-01,2.660345429063866729e-01,2.308526843290746589e-01,-3.253326770469089531e-03
6.500000000000000222e-01,-1.315298765298950068e+00,3.612478186454322060e+00,-3.163493594792031183e-01,2.775771771228404128e-01,2.104033815427626408e-01,-3.655408332484752151e-03
7.000000000000000666e-01,-1.302108610676304234e+00,3.608160485193303124e+00,-3.164057296150629139e-01,2.880973461999785656e-01,1.917832962214571779e-01,-4.044029623607978824e-03
7.500000000000001110e-01,-1.288418802111134021e+00,3.603678371443333361e+00,-3.164704563124980941e-01,2.976865110110514245e-01,1.748310237951757884e-01,-4.439706107593288306e-03
8.000000000000001554e-01,-1.274273635448422093e+00,3.599046157374560906e+00,-3.165438812738740615e-01,3.064280622008102029e-01,1.593987107515527635e-01,-4.941936488654961185e-03
8.500000000000001998e-01,-1.259713446741173914e+00,3.594276849451006228e+00,-3.166280124044314470e-01,3.143979977383878355e-01,1.453689931884679098e-01,-6.721193528127146488e-03
9.000000000000002442e-01,-1.244774971538096020e+00,3.589382239041402745e+00,-3.167454102715453468e-01,3.216664473978112504e-01,1.325759156590429755e-01,-7.340345116670137816e-03
9.500000000000002887e-01,-1.229491727323392514e+00,3.584372677710552235e+00,-3.168765872239850956e-01,3.282952431807634186e-01,1.209213703717261362e-01,-7.726791035784222154e-03
1.000000000000000222e+00,-1.213894201880894474e+00,3.579257834916446779e+00,-3.170175160698630590e-01,3.343413116993497192e-01,1.103159525469070701e-01,-8.331040531441935224e-03
1.050000000000000266e+00,-1.198010157962004163e+00,3.574046555749594400e+00,-3.171722647066699263e-01,3.398571093266950505e-01,1.006610981376958591e-01,-8.626950208662546860e-03
1.100000000000000311e+00,-1.181864886877152410e+00,3.568746804953907059e+00,-3.173351537676687428e-01,3.448901642335798212e-01,9.188745451072725945e-02,-8.918331446123455714e-03
1.150000000000000355e+00,-1.165481391474084027e+00,3.563365899654582503e+00,-3.175060385647346939e-01,3.494845369591161877e-01,8.397051541517022710e-02,-1.097665199787470000e-02
1.200000000000000400e+00,-1.148880579219567100e+00,3.557910476992304005e+00,-3.177191676879383975e-01,3.536830627298747087e-01,7.670934386517064274e-02,-1.152033329576764367e-02
1.250000000000000444e+00,-1.132081510485146048e+00,3.552385935218441038e+00,-3.179455414117509648e-01,3.575185299231332658e-01,7.011253963650410093e-02,-1.204883557848785217e-02
1.300000000000000488e+00,-1.115101531175052951e+00,3.546797639348964637e+00,-3.181848686590019182e-01,3.610241569049584820e-01,6.408134197812201394e-02,-1.228421687518170546e-02
1.350000000000000533e+00,-1.097956406710081323e+00,3.541150444314881796e+00,-3.184312643330253212e-01,3.642282240038645647e-01,5.859417393874453289e-02,-1.242801279739921133e-02
1.400000000000000577e+00,-1.080660524642674813e+00,3.535448868970041403e+00,-3.186827568940227007e-01,3.671579327008017701e-01,5.358561863948225340e-02,-1.254717174630488527e-02
1.450000000000000622e+00,-1.063226967285872071e+00,3.529697047801934495e+00,-3.189387033054864040e-01,3.698372136327758852e-01,4.915271722786451747e-02,-1.478689506549274793e-02
1.500000000000000666e+00,-1.045667674588217411e+00,3.523898759138265557e+00,-3.192425445659637928e-01,3.722948494941691333e-01,4.491402508069664012e-02,-1.506050401283767944e-02
1.550000000000000711e+00,-1.027993471464586195e+00,3.518056569365214603e+00,-3.195540652344974752e-01,3.745405507482039709e-01,4.099489601983279108e-02,-1.496843480573462233e-02
1.600000000000000755e+00,-1.010214488462628957e+00,3.512173600403623919e+00,-3.198655488210069286e-01,3.765902955491955972e-01,3.743517120695037670e-02,-1.492693280097275033e-02
1.650000000000000799e+00,-9.923400499195333957e-01,3.506252867887821978e+00,-3.201778685751945353e-01,3.784620541095430890e-01,3.418113549188303568e-02,-1.480358796009887887e-02
1.700000000000000844e+00,-9.743786296717121820e-01,3.500297097687151471e+00,-3.204891466644191889e-01,3.801711108841372422e-01,3.140373435089409415e-02,-1.722789061589323836e-02
1.750000000000000888e+00,-9.563379624919704503e-01,3.494308816499115622e+00,-3.208530463510574360e-01,3.817412976016819615e-01,2.873867195895712240e-02,-1.774888481415678315e-02
1.800000000000000933e+00,-9.382249728923595100e-01,3.488289210739522694e+00,-3.212295015670015297e-01,3.831782311996297929e-01,2.623560151219414549e-02,-1.773297799554982013e-02
1.850000000000000977e+00,-9.200460791138922456e-01,3.482240102280055538e+00,-3.216070350930541610e-01,3.844900112752395183e-01,2.386892405103149817e-02,-1.744131804084143866e-02
1.900000000000001021e+00,-9.018072442036254577e-01,3.476163398976280128e+00,-3.219796291287015944e-01,3.856834574777910918e-01,2.173284065440087703e-02,-1.722214264685955828e-02
1.950000000000001066e+00,-8.835140689028895267e-01,3.470061017404581616e+00,-3.223486820345694004e-01,3.867700995105111117e-01,2.003900907866461301e-02,-1.992384518813110697e-02
2.000000000000000888e+00,-8.651716132779911916e-01,3.463934672953192795e+00,-3.227768468900111265e-01,3.877720499644443652e-01,1.819841770900182398e-02,-1.999929788030547356e-02
2.050000000000000711e+00,-8.467842720204455942e-01,3.457784584473127865e+00,-3.232077470484689963e-01,3.886819708498944759e-01,1.641104379602262991e-02,-1.948144950278925952e-02
2.100000000000000533e+00,-8.283564422172358110e-01,3.451612123464475879e+00,-3.236284718412574812e-01,3.895025230396956251e-01,1.501295866747496925e-02,-1.932112959084096582e-02
2.150000000000000355e+00,-8.098923131772429729e-01,3.445418862818401262e+00,-3.240466143589077475e-01,3.902531709730693854e-01,1.386708383220710585e-02,-1.930348174831798130e-02
2.200000000000000178e+00,-7.913951964043582921e-01,3.439205931567646424e+00,-3.244651799585133722e-01,3.909465251646797590e-01,1.311920927828900095e-02,-2.265932979085832910e-02
2.250000000000000000e+00,-7.728678229752451445e-01,3.432974206472295009e+00,-3.249574078856624082e-01,3.916024856285942324e-01,1.221809798362994380e-02,-2.337280642425126204e-02
2.299999999999999822e+00,-7.543124377030849814e-01,3.426722891068483268e+00,-3.254659921164171354e-01,3.922133905277757071e-01,1.131904270272999710e-02,-2.355770775935369862e-02
2.349999999999999645e+00,-7.357312924755321504e-01,3.420452372644475325e+00,-3.259794008965207768e-01,3.927793426629122009e-01,1.048753938344364547e-02,-2.368174520136120259e-02
2.399999999999999467e+00,-7.171265616507500607e-01,3.414163253390225528e+00,-3.264962586509099207e-01,3.933037196320843809e-01,9.704234178780364595e-03,-2.382533324824905041e-02
2.449999999999999289e+00,-6.985002501344913517e-01,3.407856109901262087e+00,-3.270169456315761281e-01,3.937889313410233849e-01,8.904190808882380542e-03,-2.704603268035042987e-02
2.499999999999999112e+00,-6.798542503003580650e-01,3.401531475816805816e+00,-3.276087804067256970e-01,3.942341408814675208e-01,8.042073894397702011e-03,-2.729173867601460829e-02
2.549999999999998934e+00,-6.611909203276143954e-01,3.395188644515260812e+00,-3.282066696995238897e-01,3.946362445761874005e-01,7.241027411149518651e-03,-2.692037433267788216e-02
2.599999999999998757e+00,-6.425123539924296745e-01,3.388828174918203207e+00,-3.287970209518457643e-01,3.949982959467449040e-01,6.496127056958939279e-03,-2.640324000284009071e-02
2.649999999999998579e+00,-6.238204129824462818e-01,3.382450834110203086e+00,-3.293765575629108988e-01,3.953231022995928323e-01,5.875596843046742082e-03,-2.589374894937641197e-02
2.699999999999998401e+00,-6.051168037076178896e-01,3.376057408727515696e+00,-3.299453734277092432e-01,3.956168821417451742e-01,3.146292494015428577e-03,-2.409221449626911676e-02
2.749999999999998224e+00,-5.864029374716597243e-01,3.369648586363652498e+00,-3.304749918337092085e-01,3.957741967664459293e-01,2.846516127803450438e-03,-2.387317401770960856e-02
2.799999999999998046e+00,-5.676850279871108462e-01,3.363227301321424001e+00,-3.310000019252886116e-01,3.959165225728361048e-01,2.575226042474417984e-03,-2.349256433853574508e-02
2.849999999999997868e+00,-5.489637623188995397e-01,3.356793877357804767e+00,-3.315168244725209545e-01,3.960452838749598525e-01,2.330457008211500244e-03,-2.305455881213106656e-02
2.899999999999997691e+00,-5.302397365785964656e-01,3.350348683235401470e+00,-3.320241726568910479e-01,3.961618067253704356e-01,2.109056081725594819e-03,-2.261118553529623681e-02
2.949999999999997513e+00,-5.115134752607345403e-01,3.343892091268665379e+00,-3.325219068242459830e-01,3.962672595294567390e-01,1.910174526416454641e-03,-2.221592773896630818e-02
2.999999999999997335e+00,-4.927854461125789620e-01,3.337424458265525917e+00,-3.330110675684072041e-01,3.963627682557775422e-01,1.677177995271967020e-03,-2.520145814096921150e-02
3.049999999999997158e+00,-4.740560698320512301e-01,3.330946103976752948e+00,-3.335661250655979071e-01,3.964466271555411314e-01,1.506245191901280697e-03,-2.526879300703060993e-02
3.099999999999996980e+00,-4.553263304625964070e-01,3.324455981974062446e+00,-3.341227839795289367e-01,3.965219394151361931e-01,1.367477307233460433e-03,-2.489561299291662144e-02
3.149999999999996803e+00,-4.365966494107439422e-01,3.317954200003730758e+00,-3.346713226855894119e-01,3.965903132804978748e-01,1.243992061103708869e-03,-2.448236285554798025e-02
3.199999999999996625e+00,-4.178673086371986756e-01,3.311441022157377567e+00,-3.352108453704018554e-01,3.966525128835530767e-01,1.133476324855112877e-03,-2.403739678713710110e-02
3.249999999999996447e+00,-3.991385477149221317e-01,3.304916717270395488e+00,-3.357406415145973710e-01,3.967091866997958238e-01,9.908606424675822644e-04,-2.719327127557732635e-02
3.299999999999996270e+00,-3.804105704964084733e-01,3.298381557262188402e+00,-3.363401126491800675e-01,3.967587297319192241e-01,8.983428669204249857e-04,-2.727272303466832248e-02
3.349999999999996092e+00,-3.616841759285282509e-01,3.291834354001689888e+00,-3.369414112359079838e-01,3.968036468752652590e-01,8.231982595354934941e-04,-2.688491140648238339e-02
3.399999999999995914e+00,-3.429596019966463238e-01,3.285275149285928897e+00,-3.375342224533589008e-01,3.968448067882420216e-01,7.550753546212431947e-04,-2.645302335697714488e-02
3.449999999999995737e+00,-3.242369778534128777e-01,3.278704164057045567e+00,-3.381175665795367324e-01,3.968825605559730962e-01,6.921118911266282460e-04,-2.598808929725868883e-02
3.499999999999995559e+00,-3.055164092322540936e-01,3.272121632045414508e+00,-3.386907078051066833e-01,3.969171661505294102e-01,6.160115769183757781e-04,-2.938396181432257823e-02
3.549999999999995381e+00,-2.867979844227377950e-01,3.265527796696173102e+00,-3.393388387324006161e-01,3.969479667293753233e-01,5.625035430148876171e-04,-2.947985049499367641e-02
3.599999999999995204e+00,-2.680823850043883572e-01,3.258921318122958599e+00,-3.399891363880794271e-01,3.969760919065260518e-01,5.190754806229767740e-04,-2.908017598992939171e-02
3.649999999999995026e+00,-2.493697599583631908e-01,3.252302201282297744e+00,-3.406306580459817490e-01,3.970020456805571918e-01,4.806051669295838681e-04,-2.859738738270356517e-02
3.699999999999994849e+00,-2.306601619405374559e-01,3.245670647716372148e+00,-3.412615645589218150e-01,3.970260759389036553e-01,4.451996696656143745e-04,-2.810540055049266794e-02
3.749999999999994671e+00,-2.119536193108700617e-01,3.239026889346063420e+00,-3.418816487770078294e-01,3.970483359223869191e-01,4.058053261576490879e-04,-3.172785720593919445e-02
3.799999999999994493e+00,-1.932501513821332506e-01,3.232371159477329670e+00,-3.425817444284863234e-01,3.970686261886948176e-01,3.735381046272496543e-04,-3.186903845033631222e-02
3.849999999999994316e+00,-1.745503921236554734e-01,3.225701996228958812e+00,-3.432849933770240614e-01,3.970873030939262027e-01,3.472916550424216776e-04,-3.144879323839000484e-02
3.899999999999994138e+00,-1.558544482117021901e-01,3.219019369729062774e+00,-3.439789953260501965e-01,3.971046676766783468e-01,3.235557656246591590e-04,-3.092181981566437254e-02
3.949999999999993960e+00,-1.371623291890345098e-01,3.212323477020174955e+00,-3.446613905538956635e-01,3.971208454649595709e-01,3.007406318054946107e-04,-3.037311356629921605e-02
3.999999999999993783e+00,-1.184740224448001117e-01,3.205614557152534960e+00,-3.453316964991814952e-01,3.971358824965498524e-01,2.828958050707041879e-04,-3.419470776323801225e-02
4.049999999999993605e+00,-9.978950946283976497e-02,3.198892857401524292e+00,-3.460864321009398670e-01,3.971500272868033754e-01,2.598919577358902106e-04,-3.426798652968118114e-02
4.099999999999993427e+00,-8.110940960260221155e-02,3.192156817790126055e+00,-3.468428132948319642e-01,3.971630218846901594e-01,2.378694185356281746e-04,-3.374667217504684347e-02
4.149999999999993250e+00,-6.243379906023829862e-02,3.185406429967830633e+00,-3.475877033248307990e-01,3.971749153556169420e-01,2.151827939552485112e-04,-3.310073870979357569e-02
4.199999999999993072e+00,-4.376266288480852584e-02,3.178641930179382680e+00,-3.483183470283766625e-01,3.971856744953147222e-01,1.914906575114242110e-04,-3.241853293739525854e-02
4.249999999999992895e+00,-2.509596848021610274e-02,3.171863606635444643e+00,-3.490339408925836606e-01,3.971952490281903114e-01,1.853123098765698559e-04,-3.641250319922170742e-02
4.299999999999992717e+00,-6.433679520198007373e-03,3.165071763336368971e+00,-3.498377891499659942e-01,3.972045146436841145e-01,1.473473217705267922e-04,-3.440525227674640085e-02
4.349999999999992539e+00,1.222357901856441567e-02,3.158264761797432207e+00,-3.505973067222255546e-01,3.972118820097726433e-01,1.232780041675507119e-04,-3.420290869985270071e-02
4.399999999999992362e+00,3.087600809878741914e-02,3.151443465188163984e+00,-3.513523679415841983e-01,3.972180459099809990e-01,8.605693460333766419e-05,-3.382019055797021861e-02
4.449999999999992184e+00,4.952357073272796451e-02,3.144607980728038044e+00,-3.520989854030569521e-01,3.972223487567111411e-01,4.816469987329588184e-05,-3.333406889254482419e-02
4.499999999999992006e+00,6.816622662120995491e-02,3.137758501382632126e+00,-3.528348711599540999e-01,3.972247569917047860e-01,4.716646453935773422e-05,-3.773991784657143578e-02
4.549999999999991829e+00,8.680395002210480881e-02,3.130895263418701724e+00,-3.536681128875024394e-01,3.972271153149317668e-01,4.313999279929089242e-05,-3.787013259982012492e-02
4.599999999999991651e+00,1.054360588355611056e-01,3.124016457271042047e+00,-3.545042372746472492e-01,3.972292723145717241e-01,3.633535804978751537e-05,-3.733194236237677432e-02
4.649999999999991473e+00,1.240625107429521035e-01,3.117122037331659268e+00,-3.553284724540693995e-01,3.972310890824742313e-01,2.508057400219844413e-05,-3.674448163371320242e-02
4.699999999999991296e+00,1.426833588643904027e-01,3.110212235556466975e+00,-3.561397292870118192e-01,3.972323431111743353e-01,5.574854113143341340e-06,-3.630935351339072137e-02
4.749999999999991118e+00,1.612986540019013815e-01,3.103287307905051140e+00,-3.569413732484785218e-01,3.972326218538799747e-01,1.015409196463277933e-05,-4.136983349492831530e-02
4.799999999999990941e+00,1.799084048908465572e-01,3.096347454771614327e+00,-3.578548637444280978e-01,3.972331295584782263e-01,2.046063997554732568e-05,-4.215987055855777155e-02
4.849999999999990763e+00,1.985118323032858401e-01,3.089390595813926499e+00,-3.587858207946651445e-01,3.972341525904770076e-01,9.759298945166600982e-06,-4.247542357770356380e-02
4.899999999999990585e+00,2.171088230126116125e-01,3.082416402920269416e+00,-3.597237565301140694e-01,3.972346405554242899e-01,-1.354477192147492926e-05,-4.277613772593172325e-02
4.949999999999990408e+00,2.356992870346674707e-01,3.075424761726126111e+00,-3.606683418279295616e-01,3.972339633168281980e-01,-4.787114712260279295e-05,-4.311093634234361427e-02
4.999999999999990230e+00,2.542831068793427463e-01,3.068415575324578537e+00,-3.616203276788821364e-01,3.972315697594720474e-01,-7.406894681798825264e-05,-4.900011400925216587e-02
5.049999999999990052e+00,2.728601337200234900e-01,3.061388742909146643e+00,-3.627025490820199871e-01,3.972278663121311393e-01,-1.104877001327396946e-04,-5.014035838845008752e-02
5.099999999999989875e+00,2.914293719697108598e-01,3.054341875856081856e+00,-3.638099854886335804e-01,3.972223419271245226e-01,-1.702055131122610552e-04,-5.053633620447894881e-02
5.149999999999989697e+00,3.099905367369543141e-01,3.047274547167078129e+00,-3.649261670759569864e-01,3.972138316514688960e-01,-2.387918439007111638e-04,-5.075605872731249468e-02
5.199999999999989519e+00,3.285434040276156153e-01,3.040186657111976221e+00,-3.660471859206462786e-01,3.972018920592738644e-01,-3.129890748484889058e-04,-5.090253956587188072e-02
5.249999999999989342e+00,3.470877565746963711e-01,3.033078187076290178e+00,-3.671714117941855537e-01,3.971862426055314255e-01,-3.698326966429372987e-04,-5.693453160951286035e-02
5.299999999999989164e+00,3.656233755604479940e-01,3.025949154385749740e+00,-3.684290828344506941e-01,3.971677509706992848e-01,-4.323500646969982123e-04,-5.782727249657475949e-02
5.349999999999988987e+00,3.841491513743708341e-01,3.018797148616731096e+00,-3.697064585396482306e-01,3.971461334674644128e-01,-5.097757151124752755e-04,-5.783200586921399822e-02
5.399999999999988809e+00,4.026647684340569633e-01,3.011621874878437133e+00,-3.709838695040033052e-01,3.971206446817087676e-01,-5.870170305995859152e-04,-5.758759035060534437e-02
5.449999999999988631e+00,4.211700168755966867e-01,3.004423416974279171e+00,-3.722557881272552383e-01,3.970912938301787709e-01,-6.594963890899584701e-04,-5.721257034907086675e-02
5.499999999999988454e+00,4.396647274687781604e-01,2.997201961500223000e+00,-3.735193122492505013e-01,3.970583190107242477e-01,-7.054021523768938106e-04,-6.306739210120816674e-02
5.549999999999988276e+00,4.581487637593322226e-01,2.989957744900166414e+00,-3.749123503788019951e-01,3.970230489031054133e-01,-7.463059981030111065e-04,-6.343758344894666334e-02
5.599999999999988098e+00,4.766210496367568883e-01,2.982688432149741331e+00,-3.763134627722746206e-01,3.969857336032002748e-01,-7.956887069691812378e-04,-6.287995234939450229e-02
5.649999999999987921e+00,4.950813970522515706e-01,2.975393930452543856e+00,-3.777020958667705597e-01,3.969459491678518082e-01,-8.403947325398131553e-04,-6.210892244299339587e-02
5.699999999999987743e+00,5.135297482754570542e-01,2.968074534743390558e+00,-3.790735200389650505e-01,3.969039294312248223e-01,-8.784759418668161828e-04,-6.126494208879741665e-02
5.749999999999987566e+00,5.319660923234041938e-01,2.960730622901559084e+00,-3.804261180872767767e-01,3.968600056341314852e-01,4.624080106736561677e-05,-5.760531265502542853e-02
5.799999999999987388e+00,5.503904469721696557e-01,2.953362596303051202e+00,-3.816975939587726185e-01,3.968623176741848391e-01,-9.789310234695233585e-04,-6.800396656853757715e-02
5.849999999999987210e+00,5.688055257450918001e-01,2.945971106482900836e+00,-3.831992546014715839e-01,3.968133711230113492e-01,-1.003317938911536290e-03,-6.815082421763930809e-02
5.899999999999987033e+00,5.872072144192136411e-01,2.938552886838288192e+00,-3.847039825937883517e-01,3.967632052260657849e-01,-1.063760538277624696e-03,-6.793355744371878946e-02
5.949999999999986855e+00,6.055953948997058189e-01,2.931107927391118917e+00,-3.862037090335125877e-01,3.967100171991518875e-01,-1.026309983493285932e-03,-6.679468468814939164e-02
5.999999999999986677e+00,6.239699257777091557e-01,2.923636400814931147e+00,-3.876780200530261511e-01,3.966587016999772453e-01,-1.039907295446008875e-03,-7.377881440993280804e-02
6.049999999999986500e+00,6.423310459692214147e-01,2.916138762560212871e+00,-3.893068102833420197e-01,3.966067063352049504e-01,9.938185420349998286e-04,-6.871413027804135210e-02
6.099999999999986322e+00,6.606775244967926231e-01,2.908612214585708511e+00,-3.908232246231813090e-01,3.966563972623067258e-01,9.137263343758724897e-04,-6.535520676607275981e-02
6.149999999999986144e+00,6.790148657705266100e-01,2.901056907925261275e+00,-3.922654764651592463e-01,3.967020835790255329e-01,8.019219971070390071e-04,-6.530811258018628940e-02
6.199999999999985967e+00,6.973434021329231181e-01,2.893474288812964978e+00,-3.937068520719946840e-01,3.967421796788808686e-01,1.662059598560063729e-03,-5.740399830037692941e-02
6.249999999999985789e+00,7.156628414817245432e-01,2.885864490209423483e+00,-3.949734985262263187e-01,3.968252826588088977e-01,5.821075140403093439e-04,-6.747506825378225825e-02
6.299999999999985612e+00,7.339764624435153317e-01,2.878229894630025321e+00,-3.964633053542163665e-01,3.968543880345108965e-01,1.493910995430538548e-03,-6.449704844070255905e-02
6.349999999999985434e+00,7.522800314003310618e-01,2.870567461811480925e+00,-3.978872768965487361e-01,3.969290835842824161e-01,1.369613445923731961e-03,-6.098983786671478835e-02
6.399999999999985256e+00,7.705761137404431027e-01,2.862877525889024444e+00,-3.992338714499877317e-01,3.969975642565786167e-01,1.227516502407705176e-03,-5.969626221226349838e-02
6.449999999999985079e+00,7.888649790339808954e-01,2.855161628576399657e+00,-4.005520638277598189e-01,3.970589400816990078e-01,1.092654657898177320e-03,-5.866098170032345294e-02
6.499999999999984901e+00,8.071464832875440143e-01,2.847420433127765271e+00,-4.018475427541527978e-01,3.971135728145939181e-01,9.820904336566439307e-04,-6.615487722449092667e-02
6.549999999999984723e+00,8.254204576820831640e-01,2.839654492482121650e+00,-4.033091756203422418e-01,3.971626773362767482e-01,8.545888922584604598e-04,-6.648285985938531817e-02
6.599999999999984546e+00,8.436853198432568979e-01,2.831860886711643932e+00,-4.047782579485825205e-01,3.972054067808896693e-01,7.472126365172887747e-04,-6.557166529591697268e-02
6.649999999999984368e+00,8.619406766737678360e-01,2.824039615399980718e+00,-4.062273031136290347e-01,3.972427674127155250e-01,6.477932154105891290e-04,-6.439793148496496256e-02
6.699999999999984190e+00,8.801863969748693339e-01,2.816191161326199399e+00,-4.076504716910018256e-01,3.972751570734860405e-01,5.562856655020791217e-04,-6.329540301954530990e-02
6.749999999999984013e+00,8.984224159032373480e-01,2.808316106423939473e+00,-4.090493231098407678e-01,3.973029713567611254e-01,4.872221225280357233e-04,-7.144156840604730385e-02
6.799999999999983835e+00,9.166486769408417334e-01,2.800414996615097074e+00,-4.106288973200724612e-01,3.973273324628875391e-01,4.063994689057064688e-04,-7.182619354285800506e-02
6.849999999999983658e+00,9.348635516549118618e-01,2.792484620712536447e+00,-4.122171022151843167e-01,3.973476524363327989e-01,3.387968441332169260e-04,-7.080528167744928880e-02
6.899999999999983480e+00,9.530667392332530241e-01,2.784524918819287986e+00,-4.137827368265327710e-01,3.973645922785394857e-01,2.792247724201797469e-04,-6.954029664209404604e-02
6.949999999999983302e+00,9.712582180333992898e-01,2.776536386597687311e+00,-4.153203746461747725e-01,3.973785535171605043e-01,2.262279757621393425e-04,-6.824868378776645372e-02
6.999999999999983125e+00,9.894380305814557408e-01,2.768519610268887376e+00,-4.168294163117579609e-01,3.973898649159486318e-01,1.911395447258638902e-04,-7.703510271473149040e-02
7.049999999999982947e+00,1.007606241929258406e+00,2.760475180005259599e+00,-4.185335090762694055e-01,3.973994218931849454e-01,1.488626936471400372e-04,-7.743085677238997766e-02
7.099999999999982769e+00,1.025761155052453022e+00,2.752399606911549501e+00,-4.202464325063983708e-01,3.974068650278673176e-01,1.143192851191174851e-04,-7.632696270667273242e-02
7.149999999999982592e+00,1.043902548484620052e+00,2.744292795869745394e+00,-4.219348714508425191e-01,3.974125809921232877e-01,8.371794622526998377e-05,-7.494519200005052284e-02
7.199999999999982414e+00,1.062030488942054429e+00,2.736155248720955946e+00,-4.235926520880435309e-01,3.974167668894345584e-01,5.692214125891786056e-05,-7.352836975467205716e-02
7.249999999999982236e+00,1.080145105024630459e+00,2.727987574591009157e+00,-4.252189955432193469e-01,3.974196129964975288e-01,4.510648000842764358e-05,-8.307753947750043388e-02
7.299999999999982059e+00,1.098246543346021564e+00,2.719790391984613809e+00,-4.270574851444942088e-01,3.974218683204979730e-01,2.854668260574943876e-05,-8.350629218431865342e-02
7.349999999999981881e+00,1.116332983287594338e+00,2.711559897237135530e+00,-4.289055175857686697e-01,3.974232956546282503e-01,1.419053849354714146e-05,-8.231328938190760058e-02
7.399999999999981704e+00,1.134404247034326296e+00,2.703295962555730902e+00,-4.307270343685020708e-01,3.974240051815529085e-01,1.472082987571704960e-06,-8.081431157838389612e-02
7.449999999999981526e+00,1.152460460150165567e+00,2.694999109679383054e+00,-4.325152371418756192e-01,3.974240787857022950e-01,-8.765138991752448837e-06,-7.928085690069783253e-02
7.499999999999981348e+00,1.170501811291011052e+00,2.686669980372584199e+00,-4.342693650418754103e-01,3.974236405287527307e-01,-5.463937336724932533e-06,-8.969192208928292165e-02
7.549999999999981171e+00,1.188528504446109801e+00,2.678309226278620336e+00,-4.362550086185729148e-01,3.974233673318858795e-01,-6.187136603247160322e-06,-9.015241092550244084e-02
7.599999999999980993e+00,1.206538548216351536e+00,2.669912699874950945e+00,-4.382509006553750863e-01,3.974230579750557268e-01,-7.524991636550831982e-06,-8.885798255958207714e-02
7.649999999999980815e+00,1.224531783559217768e+00,2.661480250680213100e+00,-4.402179811884728844e-01,3.974226817254739030e-01,-2.330263383548415636e-03,-9.769312744067962240e-02
7.699999999999980638e+00,1.242508379775695726e+00,2.653012431696296414e+00,-4.423818397504487576e-01,3.973061685562964684e-01,5.313861845551855981e-04,-9.068385698084431568e-02
7.749999999999980460e+00,1.260461345909125841e+00,2.644508227680392398e+00,-4.443889700095458029e-01,3.973327378655242548e-01,2.118559614748157221e-04,-9.683895845600598573e-02
7.799999999999980282e+00,1.278398406282698518e+00,2.635967435761366939e+00,-4.465333043773166422e-01,3.973433306635980045e-01,-2.388528629700216021e-03,-1.079131949876666052e-01
7.849999999999980105e+00,1.296317588826346512e+00,2.627387971732389360e+00,-4.489247383425374327e-01,3.972239042321130120e-01,6.645637010502666257e-04,-1.007192102061644501e-01
7.899999999999979927e+00,1.314210823279483353e+00,2.618768271271318948e+00,-4.511549558183916564e-01,3.972571324171655371e-01,-2.398703703780422254e-03,-1.049098973021390657e-01
7.949999999999979750e+00,1.332086284618173355e+00,2.610107962092671041e+00,-4.534788323963491186e-01,3.971371972319764909e-01,8.034127069278852468e-04,-9.680400791374968450e-02
7.999999999999979572e+00,1.349936181560286608e+00,2.601408763122701640e+00,-4.556213330717486243e-01,3.971773678673228836e-01,-2.327221536740080310e-03,-1.152135628652465327e-01
8.049999999999979394e+00,1.367769203145760892e+00,2.592670456936887469e+00,-4.581748762254432839e-01,3.970610067904858931e-01,9.372469785881059256e-04,-1.092143391777303657e-01
8.099999999999980105e+00,1.385574634985607512e+00,2.583889215294598696e+00,-4.605936538388621937e-01,3.971078691394153148e-01,-2.428954043257989734e-03,-1.142141214625424644e-01
8.149999999999980815e+00,1.403360873828618294e+00,2.575063890532840905e+00,-4.631244082266424145e-01,3.969864214372524347e-01,1.057707205733058589e-03,-1.052644175815086597e-01
8.199999999999981526e+00,1.421119288281772919e+00,2.566196294290122193e+00,-4.654546070586028095e-01,3.970393067975390711e-01,-2.412811584070194935e-03,-1.102248720992132919e-01
8.249999999999982236e+00,1.438859354243168465e+00,2.557286154698565905e+00,-4.678958130607702159e-01,3.969186662183355474e-01,-2.479385692243313202e-03,-1.145439723263943221e-01
8.299999999999982947e+00,1.456572232177008708e+00,2.548335455045341202e+00,-4.704327312115834103e-01,3.967946969337233787e-01,-2.249185657106387865e-03,-1.269867679782514802e-01
8.349999999999983658e+00,1.474256820804329404e+00,2.539342657712516438e+00,-4.732471911618266747e-01,3.966822376508680748e-01,-2.186690074700504277e-03,-1.273636977298570061e-01
8.399999999999984368e+00,1.491911024594807511e+00,2.530302686324645833e+00,-4.760692959922120382e-01,3.965729031471330601e-01,-2.044757386283411419e-03,-1.254378667095014110e-01
8.449999999999985079e+00,1.509534787528055588e+00,2.521215434328083038e+00,-4.788475082050291931e-01,3.964706652778188789e-01,-1.908804944416449181e-03,-1.230848406709518922e-01
8.499999999999985789e+00,1.527128699224093777e+00,2.512081610249604413e+00,-4.815723674774632368e-01,3.963752250305980773e-01,-1.780738033938657899e-03,-1.208226292939532653e-01
8.549999999999986500e+00,1.544693427968979016e+00,2.502902089474327241e+00,-4.842460066739647240e-01,3.962861881289011512e-01,-1.640996355140426433e-03,-1.341946644990426318e-01
8.599999999999987210e+00,1.562229611237599736e+00,2.493677712334179564e+00,-4.872182861654295594e-01,3.962041383111441495e-01,-1.582548173785072298e-03,-1.337368806229191076e-01
8.649999999999987921e+00,1.579734674539162720e+00,2.484403174240804812e+00,-4.901796907925423108e-01,3.961250109024548882e-01,2.552352925984404525e-03,-1.169744957865616330e-01
8.699999999999988631e+00,1.597208704960923820e+00,2.475078699913769498e+00,-4.927657479017135689e-01,3.962526285487540934e-01,-1.491033055545532265e-03,-1.218726944812434793e-01
8.749999999999989342e+00,1.614664185091057691e+00,2.465706049407855982e+00,-4.954620200927762341e-01,3.961780768959768384e-01,2.515833453323197428e-03,-1.118247356919768870e-01
8.799999999999990052e+00,1.632091051247651192e+00,2.456288140537376208e+00,-4.979335812793438398e-01,3.963038685686430251e-01,-1.517492943831306573e-03,-1.325199497775740309e-01
8.849999999999990763e+00,1.649500113111123101e+00,2.446824184935198598e+00,-5.008684577836074459e-01,3.962279939214514712e-01,2.445625051272149603e-03,-1.254467704429772790e-01
8.899999999999991473e+00,1.666877996764564385e+00,2.437310998421469144e+00,-5.036444528284972355e-01,3.963502751740150543e-01,2.175577633107204402e-03,-1.178068816313014300e-01
8.949999999999992184e+00,1.684234759811445103e+00,2.427746656932860070e+00,-5.062505641561015901e-01,3.964590540556703901e-01,-1.839584350998323082e-03,-1.273140507414624867e-01
8.999999999999992895e+00,1.701571294936478518e+00,2.418134476966001589e+00,-5.090699697733159779e-01,3.963670748381204478e-01,2.219366274786589710e-03,-1.179887613199051416e-01
9.049999999999993605e+00,1.718876644754665062e+00,2.408475697917410230e+00,-5.116802528154563712e-01,3.964780431518598047e-01,-1.812830310118432970e-03,-1.387932080645244148e-01
9.099999999999994316e+00,1.736161561290019417e+00,2.398769063221510400e+00,-5.147571723453950865e-01,3.963874016363538866e-01,2.194295287089981748e-03,-1.317376883384517028e-01
9.149999999999995026e+00,1.753412584742308766e+00,2.389011521508116687e+00,-5.176751365978901065e-01,3.964971164007083937e-01,-1.881415991549449749e-03,-1.361738612502803036e-01
9.199999999999995737e+00,1.770639829588065650e+00,2.379200968857550613e+00,-5.206934016604188864e-01,3.964030456011309322e-01,2.171565657835029806e-03,-1.265562167271712390e-01
9.249999999999996447e+00,1.787833304960407155e+00,2.369340804506723686e+00,-5.234954478349832518e-01,3.965116238840226681e-01,-1.867226203050708451e-03,-1.306187305964247314e-01
9.299999999999997158e+00,1.805003786094199203e+00,2.359429788044122400e+00,-5.263892485940249166e-01,3.964182625738701393e-01,2.168802724319826396e-03,-1.382539656018947349e-01
9.349999999999997868e+00,1.822141478733062536e+00,2.349471470501933723e+00,-5.294535974936122047e-01,3.965267027100861097e-01,-1.835300315700356694e-03,-1.444187602214307975e-01
9.399999999999998579e+00,1.839253254839678053e+00,2.339457945479126000e+00,-5.326573403768335435e-01,3.964349376943011038e-01,-1.702352422704468942e-03,-1.472813622339902984e-01
9.449999999999999289e+00,1.856328909826840290e+00,2.329391980233750381e+00,-5.359247486937575022e-01,3.963498200731658816e-01,-1.507467763360813111e-03,-1.442318343363442890e-01
9.500000000000000000e+00,1.873367924911707227e+00,2.319272448889969862e+00,-5.391228595087798059e-01,3.962744466849978386e-01,-1.348627346694326705e-03,-1.411909700163182790e-01
9.550000000000000711e+00,1.890371255413622942e+00,2.309100411504009465e+00,-5.422520345331982572e-01,3.962070153176631138e-01,-1.153482558934767989e-03,-1.552674783890609644e-01
9.600000000000001421e+00,1.907339784723800946e+00,2.298876957561385215e+00,-5.456974366066171811e-01,3.961493411897163974e-01,-1.032971633986588854e-03,-1.543359712256311966e-01
9.650000000000002132e+00,1.924270524586590536e+00,2.288596597693600465e+00,-5.491213370292998830e-01,3.960976926080170823e-01,-9.130511465943843196e-04,-1.513991310374410149e-01
9.700000000000002842e+00,1.941163763580132429e+00,2.278259676898191088e+00,-5.524786305163496003e-01,3.960520400506873373e-01,-8.043088163592086379e-04,-1.482505443303043791e-01
9.750000000000003553e+00,1.958020260323701800e+00,2.267867296824078505e+00,-5.557646802940979791e-01,3.960118246098693895e-01,-7.065381359279672771e-04,-1.451100939423843328e-01
9.800000000000004263e+00,1.974840808095999156e+00,2.257420642540674649e+00,-5.589797962638578532e-01,3.959764977030729716e-01,-5.804140590176827931e-04,-1.594947164418767105e-01
9.850000000000004974e+00,1.991626184282911938e+00,2.246920899063008292e+00,-5.625185295533153829e-01,3.959474770001220612e-01,-5.254854597474096448e-04,-1.587168237785868685e-01
9.900000000000005684e+00,2.008373072205310361e+00,2.236362596345642828e+00,-5.660394515381720337e-01,3.959212027271347134e-01,-4.650049719858199374e-04,-1.559149476412583779e-01
9.950000000000006395e+00,2.025081572623946613e+00,2.225746099245248466e+00,-5.694969600936213849e-01,3.958979524785354309e-01,-3.905123751588803383e-04,-1.526454047789618240e-01
1.000000000000000711e+01,2.041752287580707481e+00,2.215072522770037633e+00,-5.728806149373975032e-01,3.958784268597774769e-01,-3.317408986598754830e-04,-1.494709115591356385e-01
1.005000000000000782e+01,2.058385971064360831e+00,2.204343128756484749e+00,-5.761926677398819807e-01,3.958618398148444628e-01,-2.382917343874173461e-04,-1.636412308185268283e-01
1.010000000000000853e+01,2.074983331612752835e+00,2.193559153915051407e+00,-5.798239905276343364e-01,3.958499252281250658e-01,-1.728424334038864384e-04,-1.622668742895548855e-01
1.015000000000000924e+01,2.091540924360360432e+00,2.182715306320117676e+00,-5.834241626265632696e-01,3.958412831064548887e-01,-1.314673313188127377e-04,-1.592346924873709879e-01
1.020000000000000995e+01,2.108059009543776785e+00,2.171812156986011377e+00,-5.869558215846621962e-01,3.958347097398889347e-01,-9.678911570172241130e-05,-1.560386937782329564e-01
1.025000000000001066e+01,2.124538211931199072e+00,2.160850921551009662e+00,-5.904153633852635696e-01,3.958298702841038241e-01,-8.615990483889514849e-05,-1.528349971780176564e-01
1.030000000000001137e+01,2.140979193918003620e+00,2.149832876042282237e+00,-5.938027043855936826e-01,3.958255622888618985e-01,-1.277639425070959452e-05,-1.665655527929575941e-01
1.035000000000001208e+01,2.157382581248996622e+00,2.138759323158376802e+00,-5.974997864878762721e-01,3.958249234691493812e-01,1.264044839301484407e-05,-1.651281965320272049e-01
1.040000000000001279e+01,2.173744890328001222e+00,2.127625219391053868e+00,-6.011643691863617356e-01,3.958255554915690588e-01,5.164054561918984387e-05,-1.618861525182409278e-01
1.045000000000001350e+01,2.190066313849074131e+00,2.116431211610267926e+00,-6.047557236213315646e-01,3.958281375188500428e-01,5.065017810540462222e-05,-1.587609918193134129e-01
1.050000000000001421e+01,2.206347536755820737e+00,2.105178586725827028e+00,-6.082765805586936025e-01,3.958306700277552936e-01,6.840976749564447318e-05,-1.555344423842581203e-01
1.055000000000001492e+01,2.222589143860747019e+00,2.093868635488719043e+00,-6.117247247317256775e-01,3.958340905161300549e-01,1.548314168212055033e-04,-1.686595347329393757e-01
1.060000000000001563e+01,2.238791796157328040e+00,2.082502649979625531e+00,-6.154692531105857567e-01,3.958418320869711016e-01,1.960089898049612034e-04,-1.669128437006493493e-01
1.065000000000001634e+01,2.254952090756165539e+00,2.071075849528331236e+00,-6.191743408557746076e-01,3.958516325364613286e-01,2.333545985308653481e-04,-1.635992903586637182e-01
1.070000000000001705e+01,2.271070336285720082e+00,2.059588967945262361e+00,-6.228046225255136070e-01,3.958633002663878853e-01,3.121219868810914434e-04,-1.598384779698774349e-01
1.075000000000001776e+01,2.287147248933754984e+00,2.048043308113448813e+00,-6.263501004010757489e-01,3.958789063657319196e-01,3.658419064324038494e-04,-1.561867527221573737e-01
1.080000000000001847e+01,2.303183757921025254e+00,2.036440263221502622e+00,-6.298133654422547467e-01,3.958971984610535344e-01,3.981688700055100848e-04,-1.684670231248269756e-01
1.085000000000001918e+01,2.319180725522752784e+00,2.024781210647534024e+00,-6.335541340327702775e-01,3.959171069045537839e-01,4.092474075861711469e-04,-1.665497279389469287e-01
1.090000000000001990e+01,2.335134769722193582e+00,2.013061809530946711e+00,-6.372517132668480411e-01,3.959375692749330655e-01,4.086769083191904399e-04,-1.633438687360014296e-01
1.095000000000002061e+01,2.351046193858846056e+00,2.001282888576465968e+00,-6.408770118007348637e-01,3.959580031203490114e-01,4.114210536204303921e-04,-1.599973677598773292e-01
1.100000000000002132e+01,2.366915630383647162e+00,1.989445750621160247e+00,-6.444269240017033162e-01,3.959785741730300068e-01,4.393949233079645503e-04,-1.564938648129955978e-01
1.105000000000002203e+01,2.382743768474422374e+00,1.977551734369715986e+00,-6.478979849298279747e-01,3.960005439191954246e-01,4.845759776912346136e-04,-1.675267887071568151e-01
1.110000000000002274e+01,2.398531402325727147e+00,1.965602186498022874e+00,-6.516184498677684012e-01,3.960247727180800092e-01,5.330153415577824558e-04,-1.650951132150759171e-01
1.115000000000002345e+01,2.414275432360624585e+00,1.953593249418653199e+00,-6.552841347004323413e-01,3.960514234851578719e-01,5.657124967113668149e-04,-1.615630413304915414e-01
1.120000000000002416e+01,2.429976392273620167e+00,1.941525868471569050e+00,-6.588702398476699029e-01,3.960797091099934608e-01,5.946430420190538775e-04,-1.579493206335050859e-01
1.125000000000002487e+01,2.445635094674317056e+00,1.929401394089227617e+00,-6.623750186631326420e-01,3.961094412620944083e-01,6.203574452960035042e-04,-1.543797791670645791e-01
1.130000000000002558e+01,2.461252379629911502e+00,1.917221199745204219e+00,-6.657995616130801819e-01,3.961404591343591908e-01,6.574542536197760297e-04,-1.639538155792878704e-01
1.135000000000002629e+01,2.476829081151294520e+00,1.904986636895568353e+00,-6.694405074589966365e-01,3.961733318470401777e-01,7.000814013832353183e-04,-1.612747471887738815e-01
1.140000000000002700e+01,2.492362423032338015e+00,1.892694421384376602e+00,-6.730212029488343850e-01,3.962083359171093555e-01,7.271285961254989614e-04,-1.577188499939366495e-01
1.145000000000002771e+01,2.507853019305030351e+00,1.880345573634810696e+00,-6.765219184129795948e-01,3.962446923469156168e-01,7.621572600128063849e-04,-1.540806666953912774e-01
1.150000000000002842e+01,2.523301708400543575e+00,1.867941435383286386e+00,-6.799408869844757453e-01,3.962828002099162417e-01,9.066673975659470669e-04,-1.497012677371881151e-01
1.155000000000002913e+01,2.538709379579944692e+00,1.855483353139899982e+00,-6.832615095596485943e-01,3.963281335797945171e-01,9.639646152644979751e-04,-1.573454827122288957e-01
1.160000000000002984e+01,2.554077355141401995e+00,1.842972745608306928e+00,-6.867548551784437016e-01,3.963763318105577582e-01,9.263371116333969212e-04,-1.548095257452327678e-01
1.165000000000003055e+01,2.569403396747492074e+00,1.830407000913407911e+00,-6.901913987498757841e-01,3.964226486661394100e-01,3.288892023768260654e-03,-1.627373279455729960e-01
1.170000000000003126e+01,2.584687951012867302e+00,1.817787187450147446e+00,-6.938074191682518377e-01,3.965870932673278282e-01,4.607988014558505804e-04,-1.454791838165293005e-01
1.175000000000003197e+01,2.599933093336405765e+00,1.805106929491389955e+00,-6.970355117252363675e-01,3.966101332074006280e-01,2.551879581132329711e-03,-1.549214112690552314e-01
1.180000000000003268e+01,2.615138106545231267e+00,1.792376785433822617e+00,-7.004766076894721749e-01,3.967377271864572230e-01,2.375605146804533191e-03,-1.595416191286382346e-01
1.185000000000003340e+01,2.630304101674430850e+00,1.779590282699541115e+00,-7.040232044177416881e-01,3.968565074437974682e-01,1.989147911367014545e-03,-1.542261912120865830e-01
1.190000000000003411e+01,2.645429179926471974e+00,1.766746228564617383e+00,-7.074507379233366811e-01,3.969559648393657936e-01,1.624331139776025949e-03,-1.494885185661041782e-01
1.195000000000003482e+01,2.660513925480283870e+00,1.753847176404453645e+00,-7.107722028691223493e-01,3.970371813963545771e-01,-1.665397795924174976e-03,-1.432065277193627084e-01
1.200000000000003553e+01,2.675558821687031408e+00,1.740895442672782734e+00,-7.139527704702536282e-01,3.969539115065583434e-01,-1.307744916813561491e-03,-1.411245810161854686e-01
1.205000000000003624e+01,2.690559301318043772e+00,1.727898649587929825e+00,-7.170858172373899553e-01,3.968885242607176900e-01,-1.009619813860901643e-03,-1.460010032469786223e-01
1.210000000000003695e+01,2.705516523635799864e+00,1.714857071759237517e+00,-7.203281170201835115e-01,3.968380432700246430e-01,-7.075664189261578370e-04,-1.427800764121938681e-01
1.215000000000003766e+01,2.720429485655084356e+00,1.701768731708744653e+00,-7.234974927007159495e-01,3.968026649490783431e-01,-4.619762992690497642e-04,-1.392345418950282077e-01
1.220000000000003837e+01,2.735299565183671788e+00,1.688634363734220489e+00,-7.265868509860501367e-01,3.967795661341149138e-01,-2.365760511826759966e-04,-1.357005571222207052e-01
1.225000000000003908e+01,2.750128133791262197e+00,1.675454886760382456e+00,-7.295966377640716871e-01,3.967677373315557920e-01,-2.676888861281054386e-05,-1.322235881138408009e-01
1.230000000000003979e+01,2.764916526993515866e+00,1.662231232955040161e+00,-7.325283010912249093e-01,3.967663988871251712e-01,1.816844597468014375e-04,-1.357662561612477115e-01
1.235000000000004050e+01,2.779666039644170805e+00,1.648964326202416508e+00,-7.355394631764703428e-01,3.967754831101125146e-01,3.900884784783488165e-04,-1.325928926039384725e-01
1.240000000000004121e+01,2.794375873464448823e+00,1.635652761719870840e+00,-7.384794687510705113e-01,3.967949875340364141e-01,5.624309623712138006e-04,-1.292024807554109089e-01
1.245000000000004192e+01,2.809047228863394974e+00,1.622297351352227412e+00,-7.413435846092357728e-01,3.968231090821549567e-01,7.211765921605558551e-04,-1.258529661167870350e-01
1.250000000000004263e+01,2.823681309765482261e+00,1.608899025863375076e+00,-7.441328468232648596e-01,3.968591679117630111e-01,8.701704169004626909e-04,-1.225542303760304153e-01
1.255000000000004334e+01,2.838279288726523575e+00,1.595458713064111800e+00,-7.468484991773156612e-01,3.969026764326080148e-01,-1.207455844852113472e-03,-1.296188369844998856e-01
1.260000000000004405e+01,2.852842311087341542e+00,1.581977329006206689e+00,-7.497227285478961223e-01,3.968423036403654347e-01,1.740821454651600691e-03,-1.235361430179107434e-01
1.265000000000004476e+01,2.867364315482118897e+00,1.568456200234741527e+00,-7.524602446207290241e-01,3.969293447130980423e-01,1.454813795512707253e-03,-1.187868953769041364e-01
1.270000000000004547e+01,2.881852428243104836e+00,1.554892393602351097e+00,-7.550920796616060748e-01,3.970020854028736834e-01,1.536376087552448252e-03,-1.156223995451002573e-01
1.275000000000004619e+01,2.896307441686595041e+00,1.541288011003934644e+00,-7.576536342476564156e-01,3.970789042072512820e-01,1.625671796984091977e-03,-1.126825607003223706e-01
1.280000000000004690e+01,2.910730349628702029e+00,1.527644006206603899e+00,-7.601499792949402146e-01,3.971601877971004946e-01,1.709979995504088161e-03,-1.144273269182229658e-01
1.285000000000004761e+01,2.925122097966200929e+00,1.513961239062576958e+00,-7.626858333905908172e-01,3.972456867968757188e-01,1.769210801050922219e-03,-1.119468108850981275e-01
1.290000000000004832e+01,2.939482193282807021e+00,1.500239067161059481e+00,-7.651667829848287639e-01,3.973341473369282895e-01,1.796046394915546806e-03,-1.095178569164452775e-01
1.295000000000004903e+01,2.953811390606286391e+00,1.486478247212208226e+00,-7.675940051564170696e-01,3.974239496566740470e-01,1.766780978786327509e-03,-1.073615214784084115e-01
1.300000000000004974e+01,2.968110376199056155e+00,1.472679569724146820e+00,-7.699736016546828710e-01,3.975122887056133369e-01,1.702646379421077823e-03,-1.054426443427931986e-01
1.305000000000005045e+01,2.982379657112803173e+00,1.458843830806961339e+00,-7.723108671545265702e-01,3.975974210245843965e-01,1.626196045923743649e-03,-1.070470044012976907e-01
1.310000000000005116e+01,2.996619610299925629e+00,1.444971808378992639e+00,-7.746844745746080951e-01,3.976787308268805998e-01,1.508079449680432057e-03,-1.054551012823520262e-01
1.315000000000005187e+01,3.010829502037662309e+00,1.431063181229557779e+00,-7.770229970069305603e-01,3.977541347993646115e-01,1.352636496299763815e-03,-1.039364787985790628e-01
1.320000000000005258e+01,3.025009517480631072e+00,1.417118718478625139e+00,-7.793280346155262439e-01,3.978217666241796180e-01,1.125838194155229319e-03,-1.027015931417431943e-01
1.325000000000005329e+01,3.039159758386910326e+00,1.403139230745012567e+00,-7.816058782613116707e-01,3.978780585338873577e-01,8.621703753107760491e-04,-1.016871872201224047e-01
1.330000000000005400e+01,3.053280117276372163e+00,1.389125564611928709e+00,-7.838613856341049013e-01,3.979211670526529021e-01,6.439737304012411664e-04,-1.029981870134883126e-01
1.335000000000005471e+01,3.067370358804744512e+00,1.375078563805938181e+00,-7.861464249966596540e-01,3.979533657391729484e-01,4.040015965344328770e-04,-1.019551540618141294e-01
1.340000000000005542e+01,3.081429603169212772e+00,1.360998263696991506e+00,-7.884083454724466478e-01,3.979735658189996750e-01,1.708375989070417080e-04,-1.008756212587214318e-01
1.345000000000005613e+01,3.095457675103812090e+00,1.346885482414606816e+00,-7.906462654980579430e-01,3.979821076989450424e-01,-4.053025369624473691e-05,-9.977729103985527592e-02
1.350000000000005684e+01,3.109454429072619597e+00,1.332741039213903855e+00,-7.928597032650053222e-01,3.979800811862602150e-01,-2.631806274305373869e-04,-9.874394670104839900e-02
1.355000000000005755e+01,3.123419769823588155e+00,1.318565721924266576e+00,-7.950500559177867688e-01,3.979669221548887137e-01,-4.528263731368108148e-04,-9.923816618801697964e-02
1.360000000000005826e+01,3.137353567425246847e+00,1.304360319352723563e+00,-7.972513707595150212e-01,3.979442808362319006e-01,-6.450747139473511464e-04,-9.817392712035727387e-02
1.365000000000005898e+01,3.151255269781457979e+00,1.290125088472088732e+00,-7.994288014169607104e-01,3.979120271005345266e-01,-8.102755544945718438e-04,-9.703085883301465486e-02
1.370000000000005969e+01,3.165124818748311863e+00,1.275860777597245255e+00,-8.015805444110242206e-01,3.978715133228097889e-01,-9.652301299649061056e-04,-9.586761489283165960e-02
1.375000000000006040e+01,3.178962233487358180e+00,1.261568111431547567e+00,-8.037061153289408733e-01,3.978232518163115627e-01,-1.101558284874831718e-03,-9.467205608290645003e-02
1.380000000000006111e+01,3.192767562135848447e+00,1.247247802422261742e+00,-8.058047637329830426e-01,3.977681739020678120e-01,-1.215245932458497782e-03,-9.343974742887706242e-02
1.385000000000006182e+01,3.206540899953274959e+00,1.232900539066816403e+00,-8.078756474021830947e-01,3.977074116054448716e-01,-1.283744880829038688e-03,-9.300344216316008827e-02
1.390000000000006253e+01,3.220282397299427224e+00,1.218526979528537613e+00,-8.099364903621352196e-01,3.976432243614034245e-01,-1.353762464180214772e-03,-9.169694879767693874e-02
1.395000000000006324e+01,3.233992030839164755e+00,1.204127455824350656e+00,-8.119678910291467933e-01,3.975755362381944158e-01,-1.370830650806765649e-03,-9.026505857977173974e-02
1.400000000000006395e+01,3.247670056195590238e+00,1.189702567960429391e+00,-8.139670557364496739e-01,3.975069947056540931e-01,-1.377427013757452721e-03,-8.879822331138903513e-02
1.405000000000006466e+01,3.261316863412885070e+00,1.175252855856937728e+00,-8.159332215471134520e-01,3.974381233549661996e-01,-1.401063781528787133e-03,-8.735847431765556004e-02
1.410000000000006537e+01,3.274932874246136105e+00,1.160778847990123985e+00,-8.178670092924696933e-01,3.973680701658897640e-01,-1.397809615571291063e-03,-8.623170554868905824e-02
1.415000000000006608e+01,3.288518474933411539e+00,1.146281092579912952e+00,-8.197753932955298417e-01,3.972981796851112191e-01,-1.408304145958464045e-03,-8.482455148433053205e-02
1.420000000000006679e+01,3.302073999001863047e+00,1.131759991513451524e+00,-8.216521544550359213e-01,3.972277644778132721e-01,-1.411872913715861216e-03,-8.338845070488959399e-02
1.425000000000006750e+01,3.315599848893839408e+00,1.117216053708310008e+00,-8.234966655596510643e-01,3.971571708321274818e-01,-1.403304196853175003e-03,-8.194579697967543930e-02
1.430000000000006821e+01,3.329096450351762826e+00,1.102649781194573464e+00,-8.253087992094817471e-01,3.970870056222848277e-01,-1.383535892147307825e-03,-8.052645408889372303e-02
1.435000000000006892e+01,3.342564253872593039e+00,1.088061652685079927e+00,-8.270890939050530299e-01,3.970178288276774436e-01,-1.331957316326627368e-03,-7.906888391731893562e-02
1.440000000000006963e+01,3.356003723189635579e+00,1.073452116227892938e+00,-8.288367238987383034e-01,3.969512309618611345e-01,-1.296487713014789602e-03,-7.773424356343876240e-02
1.445000000000007034e+01,3.369415389810904493e+00,1.058821569490149717e+00,-8.305544464523240134e-01,3.968864065762103821e-01,-1.243274005635858475e-03,-7.635840644304922598e-02
1.450000000000007105e+01,3.382799719344530942e+00,1.044170399835554486e+00,-8.322413715230062570e-01,3.968242428759286011e-01,-1.187180931668684394e-03,-7.499058986187545628e-02
1.455000000000007176e+01,3.396157221927889047e+00,1.029498971000205376e+00,-8.338977044239522796e-01,3.967648838293451607e-01,-1.121433600557495466e-03,-7.363369906921141128e-02
1.460000000000007248e+01,3.409488410981981854e+00,1.014807635764620963e+00,-8.355237145230146600e-01,3.967088121493173025e-01,-1.003351926188081507e-03,-7.205096902779214996e-02
1.465000000000007319e+01,3.422793813549592556e+00,1.000096722584056019e+00,-8.371144266941448198e-01,3.966586445530079219e-01,-9.037890833211789524e-04,-7.076526254660153725e-02
1.470000000000007390e+01,3.436074118831553115e+00,9.853665259674286858e-01,-8.386764601485130477e-01,3.966134550988418828e-01,-8.005468513902616384e-04,-6.939483948002317382e-02
1.475000000000007461e+01,3.449329888521764698e+00,9.706172835518444009e-01,-8.402079708443298545e-01,3.965734277562723564e-01,-6.749398312535022804e-04,-6.794552008774500107e-02
1.480000000000007532e+01,3.462561718524234777e+00,9.558492476705355845e-01,-8.417072447231707111e-01,3.965396807647096900e-01,-5.504478273478253646e-04,-6.646015439047547879e-02
1.485000000000007603e+01,3.475770268236793914e+00,9.410626486517178479e-01,-8.431735202045306243e-01,3.965121583733423050e-01,-4.020470407137302334e-04,-6.484979252466832600e-02
1.490000000000007674e+01,3.488956207278505861e+00,9.262577257902852024e-01,-8.446040667752091613e-01,3.964920560213066048e-01,-2.862827115575516035e-04,-6.351509935781279870e-02
1.495000000000007745e+01,3.502120286277939254e+00,9.114347065190068209e-01,-8.460050196379964582e-01,3.964777418857287072e-01,-2.008611592831208593e-04,-6.212879973474096790e-02
1.500000000000007816e+01,3.515263111515796624e+00,8.965937953510846325e-01,-8.473752657042483705e-01,3.964676988277645586e-01,-1.140229283498728598e-04,-6.071014545513741395e-02
1.505000000000007887e+01,3.528385256320048846e+00,8.817352656031354208e-01,-8.487141116277499009e-01,3.964619976813470448e-01,-5.452927992472847657e-05,-5.933559138086217516e-02
1.510000000000007958e+01,3.541487307679231478e+00,8.668593945632583342e-01,-8.500225534870285982e-01,3.964592712173508060e-01,1.606005179321296666e-05,-5.814997416359230648e-02
1.515000000000008029e+01,3.554569793647415654e+00,8.519664954087032838e-01,-8.513047821961075012e-01,3.964600742199404504e-01,2.249613256691120695e-05,-5.707745607666197402e-02
1.520000000000008100e+01,3.567633199222479234e+00,8.370568035638796811e-01,-8.525633121028420858e-01,3.964611990265687891e-01,1.605720953427420769e-05,-5.590004249588016033e-02
1.525000000000008171e+01,3.580677867173106321e+00,8.221306404972423820e-01,-8.537958293816185762e-01,3.964620018870455009e-01,5.789718433615524522e-06,-5.471649000702959176e-02
1.530000000000008242e+01,3.593704154845488219e+00,8.071883807341724282e-01,-8.550022007138579072e-01,3.964622913729671794e-01,-3.152375698601598782e-05,-5.358295103938292420e-02
1.535000000000008313e+01,3.606712416627918305e+00,7.922304063859684220e-01,-8.561835326031486115e-01,3.964607151851178846e-01,-2.201841130052318925e-05,-5.299522630535076495e-02
1.540000000000008384e+01,3.619702947359790812e+00,7.772571349325745338e-01,-8.573518779784560229e-01,3.964596142645528398e-01,-3.996718604443570162e-05,-5.210153320599026500e-02
1.545000000000008455e+01,3.632675939252515196e+00,7.622687378965904426e-01,-8.585004815857679716e-01,3.964576159052506377e-01,-4.978280284345920609e-05,-5.099817032241284187e-02
1.550000000000008527e+01,3.645631641560854508e+00,7.472655255498668048e-01,-8.596247126721910936e-01,3.964551267651084676e-01,-4.379575795930240145e-05,-4.983657678865262286e-02
1.555000000000008598e+01,3.658570387371898658e+00,7.322478517725123925e-01,-8.607232871251313533e-01,3.964529369772105127e-01,-2.308962720158897321e-05,-4.864847504711883319e-02
1.560000000000008669e+01,3.671492555970892635e+00,7.172160559119437062e-01,-8.617956238164624638e-01,3.964517824958504466e-01,4.219401162306141655e-05,-4.841954994089894826e-02
1.565000000000008740e+01,3.684398560414366308e+00,7.021704555943962811e-01,-8.628629033913722823e-01,3.964538921964316232e-01,1.024698873957299481e-04,-4.747012336786220199e-02
1.570000000000008811e+01,3.697288568241695383e+00,6.871110093958920917e-01,-8.639092291758305731e-01,3.964590156908013863e-01,1.635173154890927360e-04,-4.626892726605870421e-02
1.575000000000008882e+01,3.710162978306839499e+00,6.720378895038188194e-01,-8.649290533286977389e-01,3.964671915565758376e-01,2.267389026072637347e-04,-4.501827319831235019e-02
1.580000000000008953e+01,3.723022274929763675e+00,6.569513367061932119e-01,-8.659212941894507409e-01,3.964785285017061733e-01,2.803234724869912292e-04,-4.378819000290201657e-02
1.585000000000009024e+01,3.735866963012997921e+00,6.418516000544624012e-01,-8.668864153966950870e-01,3.964925446753305160e-01,3.566958283372781359e-04,-4.399041512037840662e-02
1.590000000000009095e+01,3.748697525605914294e+00,6.267389395174471911e-01,-8.678560338003586949e-01,3.965103794667473869e-01,3.879999839617989579e-04,-4.316601916530211913e-02
1.595000000000009166e+01,3.761514005133267613e+00,6.116131649889446908e-01,-8.688075012006858389e-01,3.965297794659454755e-01,3.967203901094886408e-04,-4.208783182540765805e-02
1.600000000000009237e+01,3.774316713545504687e+00,5.964744621938070646e-01,-8.697352200853356585e-01,3.965496154854509236e-01,3.895131370862236347e-04,-4.098788658220757497e-02
1.605000000000009308e+01,3.787106011730176025e+00,5.813231307078382537e-01,-8.706387111359366049e-01,3.965690911423052079e-01,3.698012953416068079e-04,-3.992902689727221427e-02
1.610000000000009379e+01,3.799882243049894637e+00,5.661595056996606701e-01,-8.715188799395046093e-01,3.965875812070722706e-01,3.789060733782138044e-04,-4.070609338053036985e-02
1.615000000000009450e+01,3.812645717943066614e+00,5.509839337970746653e-01,-8.724162384707930817e-01,3.966065265107411864e-01,3.753883054832817825e-04,-4.000835024763603476e-02
1.620000000000009521e+01,3.825396178840789752e+00,5.357961890970566188e-01,-8.732982409422636039e-01,3.966252959260153643e-01,3.801811093386846425e-04,-3.894819235053290085e-02
1.625000000000009592e+01,3.838133841934161516e+00,5.205964850755713247e-01,-8.741568884044360610e-01,3.966443049814822874e-01,3.998684860734080327e-04,-3.781184030054166034e-02
1.630000000000009663e+01,3.850859058998356677e+00,5.053851204965887911e-01,-8.749904996743455010e-01,3.966642984057859311e-01,4.469123957218621183e-04,-3.665560821727299745e-02
1.635000000000009734e+01,3.863572232071048607e+00,4.901623860346674411e-01,-8.757986378270857797e-01,3.966866440255720216e-01,5.453383894944621030e-04,-3.779972302956871588e-02
1.640000000000009805e+01,3.876273814409660456e+00,4.749285244110954540e-01,-8.766320706550103647e-01,3.967139109450467660e-01,6.305228430342547149e-04,-3.714042053013486000e-02
1.645000000000009877e+01,3.888963568129523818e+00,4.596830343116430351e-01,-8.774510095452947578e-01,3.967454370871985048e-01,7.232170871460042371e-04,-3.611798511717201343e-02
1.650000000000009948e+01,3.901641839910211740e+00,4.444259448356389641e-01,-8.782474473283522487e-01,3.967815979415558192e-01,8.155645502105333434e-04,-3.508856686995473484e-02
1.655000000000010019e+01,3.914309110785617829e+00,4.291573712371745120e-01,-8.790212370103220874e-01,3.968223761690663487e-01,8.993959179418055654e-04,-3.413212196514417429e-02
1.660000000000010090e+01,3.926965863837415416e+00,4.138774302112092629e-01,-8.797739954514343097e-01,3.968673459649634250e-01,9.684493385333357201e-04,-3.331866922367789086e-02
1.665000000000010161e+01,3.939612544219242007e+00,3.985862333629209275e-01,-8.805088836254922890e-01,3.969157684318900814e-01,1.032711865550430333e-03,-3.534469743889481763e-02
1.670000000000010232e+01,3.952249525539068831e+00,3.832838799100351523e-01,-8.812885898759303949e-01,3.969674040251676139e-01,1.027226407937915226e-03,-3.527787582340859152e-02
1.675000000000010303e+01,3.964876214096561657e+00,3.679696859802755737e-01,-8.820669220540959810e-01,3.970187653455645171e-01,9.783963987576714972e-04,-3.485818677503341179e-02
1.680000000000010374e+01,3.977492611452344118e+00,3.526436862460888277e-01,-8.828360866301917520e-01,3.970676851655023931e-01,8.936368728694642693e-04,-3.447808179299587106e-02
1.685000000000010445e+01,3.990098769974234738e+00,3.373060973277582919e-01,-8.835969510395136339e-01,3.971123670091458724e-01,7.781297281521610881e-04,-3.411901519172928776e-02
1.690000000000010516e+01,4.002694672274373033e+00,3.219571942619233185e-01,-8.843499700873133085e-01,3.971512734955534585e-01,6.581926699072846365e-04,-3.693045963210318805e-02
1.695000000000010587e+01,4.015280245919894853e+00,3.065973058798098227e-01,-8.851651728989633483e-01,3.971841831290487956e-01,5.007603261217910811e-04,-3.718912533820638300e-02
1.700000000000010658e+01,4.027854335816615006e+00,2.912258891725275634e-01,-8.859861587706659991e-01,3.972092211453548960e-01,3.424359814542113963e-04,-3.694570942176034212e-02
1.705000000000010729e+01,4.040416593621031893e+00,2.758431848503799522e-01,-8.868018175065471853e-01,3.972263429444276017e-01,1.834808186490240840e-04,-3.660000434584013973e-02
1.710000000000010800e+01,4.052966841168971435e+00,2.604495756144680763e-01,-8.876098720112479690e-01,3.972355169853600265e-01,2.561226708600776794e-05,-3.622839702407400220e-02
1.715000000000010871e+01,4.065504935309330214e+00,2.450454743679144898e-01,-8.884097334260078194e-01,3.972367975987143307e-01,-1.084131945702395522e-04,-3.933134968176779656e-02
1.720000000000010942e+01,4.078030744674733477e+00,2.296312996200476630e-01,-8.892781734732650989e-01,3.972313769389858029e-01,-2.681116215921780879e-04,-3.953349840609537286e-02
1.725000000000011013e+01,4.090542992288362711e+00,2.142064632605484298e-01,-8.901510697146077788e-01,3.972179713579062077e-01,-4.166645023076648302e-04,-3.918114807677074152e-02
1.730000000000011084e+01,4.103041349052173103e+00,1.987712318036269632e-01,-8.910161488919479122e-01,3.971971381327908390e-01,-5.578846725981906037e-04,-3.870769418849713539e-02
1.735000000000011156e+01,4.115525693632404725e+00,1.833260041667727769e-01,-8.918707193623135465e-01,3.971692438991609175e-01,-6.834564767776043050e-04,-3.818327098449049439e-02
1.740000000000011227e+01,4.127995958800894094e+00,1.678711988501037089e-01,-8.927136413219443067e-01,3.971350710753220326e-01,-7.717660326973433240e-04,-4.144938293004690744e-02
1.745000000000011298e+01,4.140452120513613998e+00,1.524072182150417176e-01,-8.936286656035369313e-01,3.970964827736871428e-01,-8.742459159447454539e-04,-4.148515765278683320e-02
1.750000000000011369e+01,4.152892918147318646e+00,1.369333500556160210e-01,-8.945443915570425730e-01,3.970527704778898936e-01,-9.482372607608597313e-04,-4.088240068925380610e-02
1.755000000000011440e+01,4.165318172824234111e+00,1.214498006377918021e-01,-8.954466982236715111e-01,3.970053586148518665e-01,-9.987938629322256658e-04,-4.016961438428393039e-02
1.760000000000011511e+01,4.177727969510846684e+00,1.059568963548885301e-01,-8.963331501875428931e-01,3.969554189217052720e-01,-1.021392752310670013e-03,-3.940897300808702403e-02
1.765000000000011582e+01,4.190122468295743197e+00,9.045494772255613380e-02,-8.972026895734936947e-01,3.969043492840897414e-01,-1.004727238969746732e-03,-4.275528309952730810e-02
1.770000000000011653e+01,4.202501889982926286e+00,7.494422321038501922e-02,-8.981460287792258912e-01,3.968541129221412334e-01,5.880971948352168958e-03,-4.671263445334552372e-02
1.775000000000011724e+01,4.214865109273274513e+00,5.942379228412482395e-02,-8.991766730403628616e-01,3.971481615195588399e-01,5.443885994719689300e-03,-4.537611405868235970e-02
1.780000000000011795e+01,4.227221474613080510e+00,4.387911824170254160e-02,-9.001785296437693207e-01,3.974203558192948016e-01,5.596613740823189534e-03,-5.040163245307188733e-02
1.785000000000011866e+01,4.239570718251097325e+00,2.831141033020410230e-02,-9.012922859434281397e-01,3.977001865063359842e-01,4.952836748877110021e-03,-4.855588051216228745e-02
1.790000000000011937e+01,4.251911298707196529e+00,1.271898685357672303e-02,-9.023659455632415671e-01,3.979478283437798414e-01,4.383084450997782287e-03,-5.199411149606374127e-02
1.795000000000012008e+01,4.264242804960654887e+00,-2.896394625265004755e-03,-9.035164794051586679e-01,3.981669825663297080e-01,3.842252074242502764e-03,-5.237350255658913822e-02
1.800000000000012079e+01,4.276563118228270177e+00,-1.853456095008596677e-02,-9.046760620311641299e-01,3.983590951700418104e-01,3.222624816928106213e-03,-5.100883464060267797e-02
1.805000000000012150e+01,4.288871225176837498e+00,-3.419455536593299372e-02,-9.058059217519272011e-01,3.985202264108881898e-01,2.599938144137036930e-03,-4.994853321805889368e-02
1.810000000000012221e+01,4.301166601990448868e+00,-4.987478610906246473e-02,-9.069127034791043540e-01,3.986502233180950205e-01,1.986752443913253428e-03,-4.879537478563483049e-02
1.815000000000012292e+01,4.313448621760389123e+00,-6.557373485570537619e-02,-9.079942446085982333e-01,3.987495609402906815e-01,1.349794607910768680e-03,-5.169455035425448569e-02
1.820000000000012363e+01,4.325716711552892946e+00,-8.128987317649659372e-02,-9.091404424208607837e-01,3.988170506706862350e-01,8.344815197733354648e-04,-5.110294509016470588e-02
1.825000000000012434e+01,4.337968852853260948e+00,-9.702272521673298289e-02,-9.102736916369971176e-01,3.988587747466749156e-01,4.199486464376545568e-04,-4.888597208445309705e-02
1.830000000000012506e+01,4.350204436995652735e+00,-1.127710992971099058e-01,-9.113578108938463762e-01,3.988797721789967832e-01,1.174996959516376492e-04,-4.651151336569810807e-02
1.835000000000012577e+01,4.362423584063644277e+00,-1.285335587043441585e-01,-9.123892493260684633e-01,3.988856471637943768e-01,-1.876046846297780690e-04,-4.531400982313434772e-02
1.840000000000012648e+01,4.374626646361065241e+00,-1.443088453688855244e-01,-9.133941098743221243e-01,3.988762669295629060e-01,-4.748915552014023938e-04,-4.858129099325830119e-02
1.845000000000012719e+01,4.386813563941463379e+00,-1.600960151813548005e-01,-9.144715089455907053e-01,3.988525223518028517e-01,-3.402913672123313200e-03,-4.256690606478806538e-02
1.850000000000012790e+01,4.398982740911669964e+00,-1.758953654317224613e-01,-9.154152967023393428e-01,3.986823766681966696e-01,-3.070677802041079339e-03,-4.263859608789844630e-02
1.855000000000012861e+01,4.411131816369893599e+00,-1.916994490551055530e-01,-9.163602725998721832e-01,3.985288427780946385e-01,-2.721175533916903901e-03,-4.185676575909511032e-02
1.860000000000012932e+01,4.423261279032418614e+00,-2.075089155810048713e-01,-9.172875435426024460e-01,3.983927840013987698e-01,-2.409763859864217685e-03,-4.105000547728759885e-02
1.865000000000013003e+01,4.435371940800199475e+00,-2.233242213765746498e-01,-9.181966112222608167e-01,3.982722958084055631e-01,-2.122953921800227201e-03,-4.532243713418934727e-02
1.870000000000013074e+01,4.447464562035913005e+00,-2.391457436064617637e-01,-9.192001134826703890e-01,3.981661481123155433e-01,-1.898735432243105377e-03,-4.519894227917403695e-02
1.875000000000013145e+01,4.459538081554998534e+00,-2.549751728500815329e-01,-9.202006109371472231e-01,3.980712113407033903e-01,-1.679681241402550219e-03,-4.446832349467047529e-02
1.880000000000013216e+01,4.471592882757486009e+00,-2.708128965253494003e-01,-9.211846796322379349e-01,3.979872272786332821e-01,-1.479243644733756928e-03,-4.364191004912847116e-02
1.885000000000013287e+01,4.483629552715327371e+00,-2.866591313784093153e-01,-9.221502328669902715e-01,3.979132650963965734e-01,-1.297945807208194169e-03,-4.281214064908773348e-02
1.890000000000013358e+01,4.495648682623968106e+00,-3.025140338564569209e-01,-9.230972292183664552e-01,3.978483678060361628e-01,-1.140188999659183218e-03,-4.717963106217476499e-02
1.895000000000013429e+01,4.507650834811617990e+00,-3.183777235999974420e-01,-9.241408002572122360e-01,3.977913583560532262e-01,-1.030387161520584464e-03,-4.701499178987005034e-02
1.900000000000013500e+01,4.519634708111428978e+00,-3.342516548298774537e-01,-9.251805752266704097e-01,3.977398389979772131e-01,-9.149240788209038076e-04,-4.625685310141725015e-02
1.905000000000013571e+01,4.531600519684695350e+00,-3.501359805067331132e-01,-9.262034267116072694e-01,3.976940927940361692e-01,-8.078647197010658219e-04,-4.540586255967898888e-02
1.910000000000013642e+01,4.543548703312111137e+00,-3.660307087715928276e-01,-9.272073191187845120e-01,3.976536995580511324e-01,-7.092727023805113322e-04,-4.455070640182755282e-02
1.915000000000013713e+01,4.555479712385403168e+00,-3.819358080929907695e-01,-9.281921792893039758e-01,3.976182359229321062e-01,-6.204139729864298130e-04,-4.895282576687631781e-02
1.920000000000013785e+01,4.567393988739913979e+00,-3.978512305754289269e-01,-9.292744070270423373e-01,3.975872152242828084e-01,-5.596475688890472288e-04,-4.872921292161890017e-02
1.925000000000013856e+01,4.579290105845713832e+00,-4.137782950281020389e-01,-9.303515993319465549e-01,3.975592328458383284e-01,-4.888720109811852581e-04,-4.793367751358607043e-02
1.930000000000013927e+01,4.591168223495329492e+00,-4.297170427880210863e-01,-9.314111040232497807e-01,3.975347892452892884e-01,-4.238238317045668006e-04,-4.705307924653287510e-02
1.935000000000013998e+01,4.603028718025655053e+00,-4.456673857669939398e-01,-9.324510513895626351e-01,3.975135980537040647e-01,-3.656526404350261394e-04,-4.617142764569578950e-02
1.940000000000014069e+01,4.614871987271304654e+00,-4.616292034945917444e-01,-9.334714304815255881e-01,3.974953154216823159e-01,-3.158917883459118814e-04,-5.055569950368823950e-02
1.945000000000014140e+01,4.626698419297421871e+00,-4.776023628560673306e-01,-9.345888078107952301e-01,3.974795208322650097e-01,-2.885166927272604285e-04,-5.027674274350570766e-02
1.950000000000014211e+01,4.638506526681116071e+00,-4.935880916076056946e-01,-9.356999650790026601e-01,3.974650949976286651e-01,-2.462533040546667409e-04,-4.944466260409030589e-02
1.955000000000014282e+01,4.650296436210224371e+00,-5.095863505019079254e-01,-9.367926627751075319e-01,3.974527823324259246e-01,-2.060444341894145191e-04,-4.853022639360339563e-02
1.960000000000014353e+01,4.662068492757857285e+00,-5.255969866572517413e-01,-9.378650866869921998e-01,3.974424801107164784e-01,-1.677126332754412378e-04,-4.761255498752316184e-02
1.965000000000014424e+01,4.673823067656502239e+00,-5.416198229056675695e-01,-9.389171735928995011e-01,3.974340944790527019e-01,-1.345132937682918693e-04,-5.190480137759470591e-02
1.970000000000014495e+01,4.685560530982802341e+00,-5.576546787921334847e-01,-9.400642448746799884e-01,3.974273688143643013e-01,-1.184407570639723142e-04,-5.155740990506061522e-02
1.975000000000014566e+01,4.697279395150148140e+00,-5.737027162526476820e-01,-9.412036060220354550e-01,3.974214467765110892e-01,-8.992089808486087958e-05,-5.068634973900226770e-02
1.980000000000014637e+01,4.708979792855273239e+00,-5.897638559829639915e-01,-9.423236677301900510e-01,3.974169507316068217e-01,-6.129586212155172138e-05,-4.973797350415441743e-02
1.985000000000014708e+01,4.720662061593786873e+00,-6.058379089548552310e-01,-9.434227249512191493e-01,3.974138859385007438e-01,-3.367914294713660441e-05,-4.878881746734752695e-02
1.990000000000014779e+01,4.732326567021382324e+00,-6.219246676392965467e-01,-9.445007667665837880e-01,3.974122019813534079e-01,-6.298634161503433894e-06,-5.292208502635492584e-02
1.995000000000014850e+01,4.743973674123350470e+00,-6.380239235806265397e-01,-9.456702967310378627e-01,3.974118870496453071e-01,5.456304291784054529e-06,-5.250897568901714829e-02
2.000000000000014921e+01,4.755601935487031362e+00,-6.541367773805848440e-01,-9.468306795665037967e-01,3.974121598648598930e-01,2.701226543782726786e-05,-5.160232407782368302e-02
2.005000000000014992e+01,4.767211499916995443e+00,-6.702631246349275429e-01,-9.479709913905990382e-01,3.974135104781317818e-01,5.015361189898394156e-05,-5.062404565373263693e-02
2.010000000000015064e+01,4.778802707131288408e+00,-6.864027547760340742e-01,-9.490896516134718075e-01,3.974160181587267360e-01,7.239163168480295426e-05,-4.964737549303597369e-02
2.015000000000015135e+01,4.790375925361059828e+00,-7.025554433611872485e-01,-9.501867010245217404e-01,3.974196377403109715e-01,9.754943219776173466e-05,-5.355747288599312789e-02
2.020000000000015206e+01,4.801931521577585293e+00,-7.187209658468575180e-01,-9.513703213561368610e-01,3.974245152119208480e-01,1.060995794103096500e-04,-5.308779054419322796e-02
2.025000000000015277e+01,4.813468117448220340e+00,-7.349003530091148262e-01,-9.525435564903473873e-01,3.974298201908913475e-01,1.196122517736657512e-04,-5.216083861291627433e-02
2.030000000000015348e+01,4.824985876899329895e+00,-7.510934803219224687e-01,-9.536962839262034253e-01,3.974358008034800105e-01,1.322002915634883471e-04,-5.117153307357729525e-02
2.035000000000015419e+01,4.836485135480964814e+00,-7.673001175879764491e-01,-9.548271266580332650e-01,3.974424108180582005e-01,1.419076160543700964e-04,-5.018722816862582203e-02
2.040000000000015490e+01,4.847966250502643071e+00,-7.835200181009623899e-01,-9.559361986954931778e-01,3.974495061988609357e-01,1.599446471147093914e-04,-5.383970890676214455e-02
2.045000000000015561e+01,4.859429574075270430e+00,-7.997529318139576793e-01,-9.571261579082631643e-01,3.974575034312166633e-01,1.608631689993438377e-04,-5.332819524873005229e-02
2.050000000000015632e+01,4.870873803300230342e+00,-8.159998018211623849e-01,-9.583048138534081550e-01,3.974655465896666517e-01,1.637206340867946382e-04,-5.239152350148507803e-02
2.055000000000015703e+01,4.882299106314112791e+00,-8.322604784016592872e-01,-9.594627527077193019e-01,3.974737326213709787e-01,1.649459358213334575e-04,-5.139893905081890924e-02
2.060000000000015774e+01,4.893705807726085766e+00,-8.485347090503876366e-01,-9.605987381496475797e-01,3.974819799181620317e-01,1.643539464328054752e-04,-5.041201213596238628e-02
2.065000000000015845e+01,4.905094250790154931e+00,-8.648222249897693503e-01,-9.617128969396097071e-01,3.974901976154836536e-01,-2.724904682239310399e-03,-5.563284069143710486e-02
2.070000000000015916e+01,4.916464774984195429e+00,-8.811227563477875835e-01,-9.629426942165524306e-01,3.973539523813716667e-01,-2.722547774956831854e-03,-5.499023219799863832e-02
2.075000000000015987e+01,4.927811353706313291e+00,-8.974316667953167181e-01,-9.641578407514782567e-01,3.972178249926238136e-01,-2.789721094591208345e-03,-5.420239537929448514e-02
2.080000000000016058e+01,4.939134225967946712e+00,-9.137487610518445491e-01,-9.653551333564794890e-01,3.970783389378942374e-01,-2.609636743745499463e-03,-5.312744047005679010e-02
2.085000000000016129e+01,4.950433584532865972e+00,-9.300736657730238610e-01,-9.665282236905573532e-01,3.969478571007069578e-01,-2.705791012544717360e-03,-5.231735249458974168e-02
2.090000000000016200e+01,4.961710078011869030e+00,-9.464064456331736652e-01,-9.676830141974001043e-01,3.968125675500797089e-01,-3.282142792017203169e-03,-5.606514617378514226e-02
2.095000000000016271e+01,4.972963866162799285e+00,-9.627466655419814057e-01,-9.689202749746196330e-01,3.966484604104788536e-01,-3.715512489462622584e-03,-5.603652926716509719e-02
2.100000000000016342e+01,4.984192782802127297e+00,-9.790940333414783758e-01,-9.701563914779062214e-01,3.964626847860057146e-01,-3.384022193189526427e-03,-5.493684589404505131e-02
2.105000000000016414e+01,4.995396233871371550e+00,-9.954476058933209304e-01,-9.713676330005295290e-01,3.962934836763462587e-01,-3.051385179158837280e-03,-5.388814594971604727e-02
2.110000000000016485e+01,5.006575095684222987e+00,-1.011807751417735268e+00,-9.725552005999448246e-01,3.961409144173883012e-01,-2.719101790745660600e-03,-5.279800041305902913e-02
2.115000000000016556e+01,5.017730224566440356e+00,-1.028174857448115986e+00,-9.737182508607178377e-01,3.960049593278510138e-01,-2.348393725397691836e-03,-5.556091728042432398e-02
2.120000000000016627e+01,5.028862488250028129e+00,-1.044549304761222430e+00,-9.749418657141514233e-01,3.958875396415811321e-01,-2.049490615179132627e-03,-5.496310322441146090e-02
2.125000000000016698e+01,5.039971412696536923e+00,-1.060932502182679205e+00,-9.761519293431818456e-01,3.957850651108221762e-01,-1.747890725583087310e-03,-5.391700545796244970e-02
2.130000000000016769e+01,5.051057633918910383e+00,-1.077324885884280992e+00,-9.773386097830749630e-01,3.956976705745430256e-01,-1.450973275720385258e-03,-5.285522758516116720e-02
2.135000000000016840e+01,5.062121951132845687e+00,-1.093726791286846467e+00,-9.785016202555812947e-01,3.956251219107569939e-01,-1.153725820895430600e-03,-5.181562963936027499e-02
2.140000000000016911e+01,5.073165160206785984e+00,-1.110138543967973845e+00,-9.796415052926579214e-01,3.955674356197122488e-01,-8.723465328210160130e-04,-5.079478687113722635e-02
2.145000000000016982e+01,5.084188047112156994e+00,-1.126560479133425385e+00,-9.807587309567847855e-01,3.955238182930712054e-01,-5.800444566466137972e-04,-5.336123771289257023e-02
2.150000000000017053e+01,5.095191366717425119e+00,-1.142992906974652723e+00,-9.819323807096153045e-01,3.954948160702388971e-01,-3.574391031513995086e-04,-5.277549209245573775e-02
2.155000000000017124e+01,5.106174587418062849e+00,-1.159437031666686435e+00,-9.830930381254447958e-01,3.954769441150813303e-01,-1.390424962324169483e-04,-5.180098352383211147e-02
2.160000000000017195e+01,5.117138219273543953e+00,-1.175893149369656054e+00,-9.842321735747282530e-01,3.954699919902697203e-01,5.672006470280898695e-05,-5.078965759636101807e-02
2.165000000000017266e+01,5.128082905871666597e+00,-1.192361455951719273e+00,-9.853490110385174638e-01,3.954728279935048607e-01,2.294795302284406788e-04,-4.978495310228996107e-02
2.170000000000017337e+01,5.139009271580897931e+00,-1.208842093882062985e+00,-9.864437265203178651e-01,3.954843019700162721e-01,4.102910930511096971e-04,-5.211389384317912515e-02
2.175000000000017408e+01,5.149917905623571990e+00,-1.225335161701143649e+00,-9.875897768186731041e-01,3.955048165246688452e-01,5.239559957393043720e-04,-5.150608325556694372e-02
2.180000000000017479e+01,5.160808195492839978e+00,-1.241841576705585259e+00,-9.887224955395308434e-01,3.955310143244558096e-01,6.377321695846243504e-04,-5.054518583422435568e-02
2.185000000000017550e+01,5.171680501376180850e+00,-1.258361410936303271e+00,-9.898341195113193880e-01,3.955629009329350576e-01,7.340910154704831598e-04,-4.955190200731529604e-02
2.190000000000017621e+01,5.182535311716095272e+00,-1.274894653630060937e+00,-9.909239502055641191e-01,3.955996054837085940e-01,8.154927134421469581e-04,-4.856602185021570428e-02
2.195000000000017693e+01,5.193373102730614477e+00,-1.291441251636079146e+00,-9.919921623581972048e-01,3.956403801193806857e-01,9.116500018398164540e-04,-5.066164231926828521e-02
2.200000000000017764e+01,5.204194327521777019e+00,-1.308001123917339248e+00,-9.931066599800322248e-01,3.956859626194726975e-01,9.526522343738582244e-04,-5.003287261166997762e-02
2.205000000000017835e+01,5.214998334265239066e+00,-1.324574955424340672e+00,-9.942074289452820235e-01,3.957335952311913929e-01,9.968822271549237102e-04,-4.908754041303970556e-02
2.210000000000017906e+01,5.225785388895041628e+00,-1.341162666188643549e+00,-9.952874959701717428e-01,3.957834393425491148e-01,1.029785486931774274e-03,-4.811574989042630146e-02
2.215000000000017977e+01,5.236555877809228932e+00,-1.357764108767344879e+00,-9.963462807794041254e-01,3.958349286168956760e-01,1.053718491713827353e-03,-4.717306543807205793e-02
2.220000000000018048e+01,5.247310182229058206e+00,-1.374379106908437453e+00,-9.973844257871702368e-01,3.958876145414813585e-01,1.094794000786551876e-03,-4.904213423406590666e-02
2.225000000000018119e+01,5.258048661188765571e+00,-1.391007473575079478e+00,-9.984639121131708706e-01,3.959423542415206887e-01,1.089919833417333584e-03,-4.839417348089339321e-02
2.230000000000018190e+01,5.268770666136109782e+00,-1.407649723411412257e+00,-9.995292607560155584e-01,3.959968502331915330e-01,1.089451129363900195e-03,-4.746530082475294149e-02
2.235000000000018261e+01,5.279476408498631201e+00,-1.424305678621301530e+00,-1.000574273975422424e+00,3.960513227896597099e-01,1.082444541450830033e-03,-4.651331683157915176e-02
2.240000000000018332e+01,5.290166209591326663e+00,-1.440975105075358309e+00,-1.001598438263379354e+00,3.961054450167322272e-01,1.069813452241837916e-03,-4.556941316560704502e-02
2.245000000000018403e+01,5.300840391325910339e+00,-1.457657750346023073e+00,-1.002601927002742199e+00,3.961589356893442937e-01,1.076529066913761972e-03,-4.720467607866620646e-02
2.250000000000018474e+01,5.311499266038293143e+00,-1.474353352931195626e+00,-1.003641619039358002e+00,3.962127621426899671e-01,1.044405059457899744e-03,-4.653735832809430956e-02
2.255000000000018545e+01,5.322142222578997384e+00,-1.491062298388181606e+00,-1.004666731143778025e+00,3.962649823956628792e-01,1.016852968333203933e-03,-4.564003825074222642e-02
2.260000000000018616e+01,5.332769445455956436e+00,-1.507784348938459029e+00,-1.005672182082898436e+00,3.963158250440795283e-01,9.851925075487918092e-04,-4.471579986784821048e-02
2.265000000000018687e+01,5.343381211127060659e+00,-1.524519223072807739e+00,-1.006657370972918741e+00,3.963650846694569685e-01,9.505442288726207237e-04,-4.379788481497933622e-02
2.270000000000018758e+01,5.353977801566372818e+00,-1.541266625018304914e+00,-1.007622429923865193e+00,3.964126118809006005e-01,9.359399220200241305e-04,-4.520869428592038525e-02
2.275000000000018829e+01,5.364559493517374378e+00,-1.558026254865044091e+00,-1.008618736363249058e+00,3.964594088770015956e-01,8.883901821857913793e-04,-4.452773463932539755e-02
2.280000000000018900e+01,5.375125729702101118e+00,-1.574798398738333383e+00,-1.009600131690199465e+00,3.965038283861108681e-01,8.451016930379860606e-04,-4.364153120441252587e-02
2.285000000000018971e+01,5.385676682699068074e+00,-1.591582784508086768e+00,-1.010562077703130113e+00,3.965460834707627558e-01,8.004698763581592682e-04,-4.274313813505668802e-02
2.290000000000019043e+01,5.396212607829117935e+00,-1.608379101736693739e+00,-1.011504297356256243e+00,3.965861069645806869e-01,7.550524010229084371e-04,-4.186247850272890869e-02
2.295000000000019114e+01,5.406733764260277297e+00,-1.625187034921484308e+00,-1.012427174155066778e+00,3.966238595846318105e-01,7.172540413761354424e-04,-4.307538852826814368e-02
2.300000000000019185e+01,5.417240404635604634e+00,-1.642006271616503366e+00,-1.013376913129578671e+00,3.966597222867006001e-01,6.523723875657830903e-04,-4.240791045168361417e-02
2.305000000000019256e+01,5.427732014955119588e+00,-1.658837000986167043e+00,-1.014312002093447740e+00,3.966923409060789107e-01,5.942426081591181512e-04,-4.156780726672150428e-02
2.310000000000019327e+01,5.438208743925419419e+00,-1.675678918436883436e+00,-1.015228620689100136e+00,3.967220530364868880e-01,5.386362349506657998e-04,-4.071880858268975972e-02
2.315000000000019398e+01,5.448670814429012133e+00,-1.692531694148663668e+00,-1.016126564199258953e+00,3.967489848482343984e-01,4.852607966894123570e-04,-3.987923243604206414e-02
2.320000000000019469e+01,5.459118457075166297e+00,-1.709395002115474904e+00,-1.017006032969878238e+00,3.967732478880688918e-01,4.481214295867201472e-04,-4.089284619398241005e-02
2.325000000000019540e+01,5.469551902944631117e+00,-1.726268523765920992e+00,-1.017907935053617763e+00,3.967956539595482446e-01,3.940477021921581693e-04,-4.021852524568875209e-02
2.330000000000019611e+01,5.479970714632984574e+00,-1.743152401889906278e+00,-1.018794998723953515e+00,3.968153563446578658e-01,3.458967821667888534e-04,-3.940519855023703888e-02
2.335000000000019682e+01,5.490375061738230755e+00,-1.760046354325346174e+00,-1.019664147961418577e+00,3.968326511837662052e-01,3.008287090621514963e-04,-3.858899097910244158e-02
2.340000000000019753e+01,5.500765174373564825e+00,-1.776950080010499367e+00,-1.020515313362887033e+00,3.968476926192193166e-01,2.579784730128699367e-04,-3.778245249378288373e-02
2.345000000000019824e+01,5.511141288658919279e+00,-1.793863284324888063e+00,-1.021348703242106915e+00,3.968605915428699560e-01,2.301600874827636331e-04,-3.860345011850932484e-02
2.350000000000019895e+01,5.521503640850665917e+00,-1.810785680132030784e+00,-1.022200247840518994e+00,3.968720995472441171e-01,1.879644504943885292e-04,-3.793456194815228444e-02
2.355000000000019966e+01,5.531851879177761333e+00,-1.827717384772238107e+00,-1.023037047564042012e+00,3.968814977697688318e-01,1.513920359920066603e-04,-3.715515469270784521e-02
2.360000000000020037e+01,5.542186190155927505e+00,-1.844658144046440684e+00,-1.023856657726670782e+00,3.968890673715684270e-01,1.179209135037398654e-04,-3.637539288771592105e-02
2.365000000000020108e+01,5.552506809684420119e+00,-1.861607691003388743e+00,-1.024659066985549982e+00,3.968949634172436181e-01,8.724141322999270486e-05,-3.560752039958541698e-02
2.370000000000020179e+01,5.562813978535873893e+00,-1.878565765783049457e+00,-1.025444534838799493e+00,3.968993254879051302e-01,7.058712776734335677e-05,-3.625411295371060855e-02
2.375000000000020250e+01,5.573107937320972205e+00,-1.895532117746939083e+00,-1.026244287089232765e+00,3.969028548442934956e-01,4.152994364296585215e-05,-3.560122068103936666e-02
2.380000000000020322e+01,5.583388415353828016e+00,-1.912506847844199775e+00,-1.027029631473835192e+00,3.969049313414756419e-01,1.784105388445190749e-05,-3.486245643469549488e-02
2.385000000000020393e+01,5.593655612923916109e+00,-1.929489735271393558e+00,-1.027798669775215057e+00,3.969058233941698544e-01,-2.699296525472249381e-06,-3.412659864775492713e-02
2.390000000000020464e+01,5.603909770014674940e+00,-1.946480551731132991e+00,-1.028551464579942731e+00,3.969056884293435949e-01,-2.043319463649619604e-05,-3.340333463037261502e-02
2.395000000000020535e+01,5.614151130120268895e+00,-1.963479076871758489e+00,-1.029288292731897592e+00,3.969046667696117803e-01,-2.540430243455193277e-05,-3.389039323463774456e-02
2.400000000000020606e+01,5.624379936125388113e+00,-1.980485099745093347e+00,-1.030035870923723396e+00,3.969033965544900289e-01,-4.114582354378527700e-05,-3.326163827672024703e-02
2.405000000000020677e+01,5.634595993246978018e+00,-1.997498710249029363e+00,-1.030769566915642033e+00,3.969013392633128356e-01,-5.200072766859331272e-05,-3.256840677530987299e-02
2.410000000000020748e+01,5.644799511913418222e+00,-2.014519723426750009e+00,-1.031487956725163135e+00,3.968987392269294201e-01,-6.000532704289278634e-05,-3.188059722471138502e-02
2.415000000000020819e+01,5.654990733464081210e+00,-2.031547950765645982e+00,-1.032191159915891276e+00,3.968957389605772823e-01,-6.548931600256781803e-05,-3.120565853226560035e-02
2.420000000000020890e+01,5.665169901244480499e+00,-2.048583211618099753e+00,-1.032879460734760668e+00,3.968924644947771641e-01,-6.861875566616516646e-05,-3.054477979485104369e-02
2.425000000000020961e+01,5.675337257347254472e+00,-2.065625334162290994e+00,-1.033553169874882105e+00,3.968890335569938421e-01,-6.075653122535192800e-05,-3.090051332314878302e-02
2.430000000000021032e+01,5.685493041917310642e+00,-2.082674155299282237e+00,-1.034234724306963837e+00,3.968859957304325947e-01,-6.250288362889876246e-05,-3.031596807618339509e-02
2.435000000000021103e+01,5.695637126785506155e+00,-2.099729763649739844e+00,-1.034903372671510224e+00,3.968828705862511574e-01,-6.030928555381717248e-05,-2.968520247594615483e-02
2.440000000000021174e+01,5.705769725395918535e+00,-2.116792016660764553e+00,-1.035558095464315764e+00,3.968798551219734905e-01,-5.602700077912659785e-05,-2.906146100953152511e-02
2.445000000000021245e+01,5.715891073888187179e+00,-2.133860770370457516e+00,-1.036199048608263507e+00,3.968770537719345515e-01,-4.990536622378842751e-05,-2.845046613247648182e-02
2.450000000000021316e+01,5.726001408667191761e+00,-2.150935887359315402e+00,-1.036826514423585754e+00,3.968745585036233536e-01,-3.426173551376377521e-05,-2.867371615075911886e-02
2.455000000000021387e+01,5.736100963905503392e+00,-2.168017237480336590e+00,-1.037458902659048832e+00,3.968728454168476416e-01,-2.698239736737017593e-05,-2.812295456337719768e-02
2.460000000000021458e+01,5.746189671532662580e+00,-2.185104897267061475e+00,-1.038079134903855838e+00,3.968714962969792648e-01,-1.656610948979459451e-05,-2.754071784121564503e-02
2.465000000000021529e+01,5.756267744643138506e+00,-2.202198752999821263e+00,-1.038686517693039324e+00,3.968706679915047775e-01,-4.703845380226107445e-06,-2.696639249315583783e-02
2.470000000000021600e+01,5.766335412369364199e+00,-2.219298691138141155e+00,-1.039281226866047403e+00,3.968704327992357839e-01,8.327467288934790879e-06,-2.640398384402345769e-02
2.475000000000021672e+01,5.776392902865516987e+00,-2.236404603449252626e+00,-1.039863526665046889e+00,3.968708491726002374e-01,2.872764400561498774e-05,-2.650632440702433215e-02
2.480000000000021743e+01,5.786440441429101966e+00,-2.253516387287319400e+00,-1.040448085098604203e+00,3.968722855548005302e-01,4.171826402218383172e-05,-2.599129514498414381e-02
2.485000000000021814e+01,5.796478011767567828e+00,-2.270634103528222703e+00,-1.041021282217736488e+00,3.968743714680016410e-01,5.666678463285513764e-05,-2.545673355479504546e-02
2.490000000000021885e+01,5.806505821336677364e+00,-2.287757660462048648e+00,-1.041582688224546915e+00,3.968772048072332637e-01,7.242230187553698375e-05,-2.493071468951051778e-02
2.495000000000021956e+01,5.816524087579537650e+00,-2.304886966657168301e+00,-1.042132492824538792e+00,3.968808259223270407e-01,8.858276999214331499e-05,-2.441580356135188146e-02
2.500000000000022027e+01,5.826533025858253723e+00,-2.322021934690252642e+00,-1.042670942284511959e+00,3.968852550608266694e-01,1.099911147712128085e-04,-2.441120603714664467e-02
2.505000000000022098e+01,5.836532847967668580e+00,-2.339162480830670798e+00,-1.043209296321425228e+00,3.968907546165652556e-01,1.252006331707641992e-04,-2.393331542981335519e-02
2.510000000000022169e+01,5.846523579383771541e+00,-2.356308645519065603e+00,-1.043737114416274148e+00,3.968970146482238004e-01,1.413216861150771585e-04,-2.344517362936850147e-02
2.515000000000022240e+01,5.856505416790509955e+00,-2.373460351631785592e+00,-1.044254171347781535e+00,3.969040807325295295e-01,1.574612693747281058e-04,-2.296570285527060190e-02
2.520000000000022311e+01,5.866478562006728126e+00,-2.390617522078906987e+00,-1.044760659349924792e+00,3.969119537959982513e-01,1.734387589784913176e-04,-2.249659617132908004e-02
2.525000000000022382e+01,5.876443213699900525e+00,-2.407780082036534264e+00,-1.045256807938055310e+00,3.969206257339471522e-01,1.928990385588182045e-04,-2.239975037856594547e-02
2.530000000000022453e+01,5.886399566513865089e+00,-2.424947958913901580e+00,-1.045750830729077707e+00,3.969302706858751084e-01,2.175023537318740928e-04,-2.195412100041539000e-02
2.535000000000022524e+01,5.896347678518509383e+00,-2.442121169650684820e+00,-1.046235033812607407e+00,3.969411458035617124e-01,2.469728007176461384e-04,-2.150062114221036602e-02
2.540000000000022595e+01,5.906287746366777114e+00,-2.459299665925139600e+00,-1.046709244731062638e+00,3.969534944435976209e-01,2.760723015246265922e-04,-2.105438327646356675e-02
2.545000000000022666e+01,5.916219975844279944e+00,-2.476483408517592633e+00,-1.047173625074074632e+00,3.969672980586738675e-01,3.044365680717329883e-04,-2.061711524354524483e-02
2.550000000000022737e+01,5.926144569563529529e+00,-2.493672359294991203e+00,-1.047628373982582017e+00,3.969825198870774452e-01,3.348280644241751012e-04,-2.043207877828333296e-02
2.555000000000022808e+01,5.936061725861967453e+00,-2.510866480781478671e+00,-1.048079057706611694e+00,3.969992612902986662e-01,3.608481265812017768e-04,-2.001639423813206253e-02
2.560000000000022879e+01,5.945971549938692036e+00,-2.528065795315232123e+00,-1.048520588549199273e+00,3.970173036966277436e-01,3.863777806952146694e-04,-1.960164512024285821e-02
2.565000000000022951e+01,5.955874229047996238e+00,-2.545270265520516162e+00,-1.048952987946411675e+00,3.970366225856625242e-01,4.114421640582834874e-04,-1.919426153011632302e-02
2.570000000000023022e+01,5.965769949532241156e+00,-2.562479853408762498e+00,-1.049376419101753166e+00,3.970571946938654118e-01,4.355808256383058522e-04,-1.879495432643260577e-02
2.575000000000023093e+01,5.975658894414452860e+00,-2.579694521827351927e+00,-1.049791060806964937e+00,3.970789737351473336e-01,4.604062761952654528e-04,-1.854940548234187969e-02
2.580000000000023164e+01,5.985541242555678210e+00,-2.596914233604034727e+00,-1.050200306573214615e+00,3.971019940489570743e-01,4.818439249779760776e-04,-1.816751811018684631e-02
2.585000000000023235e+01,5.995417115287483334e+00,-2.614138986780186080e+00,-1.050601148322871214e+00,3.971260862452059559e-01,5.023696655718435300e-04,-1.778956480061918977e-02
2.590000000000023306e+01,6.005286681576588848e+00,-2.631368742501206448e+00,-1.050993673077959878e+00,3.971512047284845304e-01,5.217935058467278913e-04,-1.741878931205236014e-02
2.595000000000023377e+01,6.015150107828562298e+00,-2.648603460982084101e+00,-1.051378039350599147e+00,3.971772944037768593e-01,5.399973180092556072e-04,-1.705541901207208166e-02
2.600000000000023448e+01,6.025007556421029697e+00,-2.665843101791034453e+00,-1.051754410577297794e+00,3.972042942696773493e-01,5.578447755902041965e-04,-1.677082083411686464e-02
2.605000000000023519e+01,6.034859185472814858e+00,-2.683087623631077001e+00,-1.052124525391595844e+00,3.972321865084568748e-01,5.733913940065019305e-04,-1.642208552427624688e-02
2.610000000000023590e+01,6.044705122743866177e+00,-2.700337001714076202e+00,-1.052486968026162595e+00,3.972608560781571985e-01,5.877871660886814249e-04,-1.607883175610761578e-02
2.615000000000023661e+01,6.054545517621125583e+00,-2.717591192453994609e+00,-1.052841859191453899e+00,3.972902454364616309e-01,6.012980662658780947e-04,-1.574203264168961419e-02
2.620000000000023732e+01,6.064380516058332837e+00,-2.734850151099797344e+00,-1.053189341007040092e+00,3.973203103397749403e-01,6.140691222503388315e-04,-1.541159308149036775e-02
2.625000000000023803e+01,6.074210260536354156e+00,-2.752113832515360237e+00,-1.053529553439899846e+00,3.973510137958874422e-01,6.259199735307592171e-04,-1.511080840761566332e-02
2.630000000000023874e+01,6.084034890279247598e+00,-2.769382191465376675e+00,-1.053863150777774926e+00,3.973823097945639593e-01,6.362652861086538119e-04,-1.479312897231726057e-02
2.635000000000023945e+01,6.093854532146717240e+00,-2.786655187266302569e+00,-1.054189759478336930e+00,3.974141230588694174e-01,6.455459605659720056e-04,-1.448128352730194968e-02
2.640000000000024016e+01,6.103669317659921489e+00,-2.803932772408515905e+00,-1.054509507751737019e+00,3.974464003568977111e-01,6.536099621692887784e-04,-1.417556840273552325e-02
2.645000000000024087e+01,6.113479374884904338e+00,-2.821214898439019070e+00,-1.054822530309787565e+00,3.974790808550061616e-01,0.000000000000000000e+00,0.000000000000000000e+00
